Geography,Geographic_Area_Name,Population 
24001000100,"Census Tract 1, Allegany County, Maryland",3462
24001000200,"Census Tract 2, Allegany County, Maryland",4245
24001000500,"Census Tract 5, Allegany County, Maryland",2241
24001000600,"Census Tract 6, Allegany County, Maryland",2726
24001000700,"Census Tract 7, Allegany County, Maryland",3233
24001000800,"Census Tract 8, Allegany County, Maryland",1865
24001001000,"Census Tract 10, Allegany County, Maryland",2325
24001001100,"Census Tract 11, Allegany County, Maryland",1283
24001001200,"Census Tract 12, Allegany County, Maryland",3009
24001001300,"Census Tract 13, Allegany County, Maryland",5644
24001001401,"Census Tract 14.01, Allegany County, Maryland",3865
24001001402,"Census Tract 14.02, Allegany County, Maryland",1593
24001001502,"Census Tract 15.02, Allegany County, Maryland",2108
24001001503,"Census Tract 15.03, Allegany County, Maryland",1605
24001001600,"Census Tract 16, Allegany County, Maryland",1520
24001001700,"Census Tract 17, Allegany County, Maryland",3598
24001001800,"Census Tract 18, Allegany County, Maryland",4263
24001001900,"Census Tract 19, Allegany County, Maryland",2691
24001002000,"Census Tract 20, Allegany County, Maryland",4983
24001002100,"Census Tract 21, Allegany County, Maryland",3018
24001002200,"Census Tract 22, Allegany County, Maryland",3695
24001002300,"Census Tract 23, Allegany County, Maryland",5712
24003701101,"Census Tract 7011.01, Anne Arundel County, Maryland",4352
24003701103,"Census Tract 7011.03, Anne Arundel County, Maryland",4102
24003701104,"Census Tract 7011.04, Anne Arundel County, Maryland",3628
24003701201,"Census Tract 7012.01, Anne Arundel County, Maryland",3762
24003701202,"Census Tract 7012.02, Anne Arundel County, Maryland",4435
24003701301,"Census Tract 7013.01, Anne Arundel County, Maryland",4341
24003701302,"Census Tract 7013.02, Anne Arundel County, Maryland",3665
24003701400,"Census Tract 7014, Anne Arundel County, Maryland",3736
24003702100,"Census Tract 7021, Anne Arundel County, Maryland",6193
24003702204,"Census Tract 7022.04, Anne Arundel County, Maryland",4778
24003702205,"Census Tract 7022.05, Anne Arundel County, Maryland",5161
24003702206,"Census Tract 7022.06, Anne Arundel County, Maryland",7338
24003702208,"Census Tract 7022.08, Anne Arundel County, Maryland",8529
24003702209,"Census Tract 7022.09, Anne Arundel County, Maryland",4006
24003702300,"Census Tract 7023, Anne Arundel County, Maryland",5501
24003702402,"Census Tract 7024.02, Anne Arundel County, Maryland",7554
24003702500,"Census Tract 7025, Anne Arundel County, Maryland",7105
24003702601,"Census Tract 7026.01, Anne Arundel County, Maryland",6000
24003702602,"Census Tract 7026.02, Anne Arundel County, Maryland",6470
24003702702,"Census Tract 7027.02, Anne Arundel County, Maryland",3739
24003702703,"Census Tract 7027.03, Anne Arundel County, Maryland",2671
24003702704,"Census Tract 7027.04, Anne Arundel County, Maryland",2608
24003706102,"Census Tract 7061.02, Anne Arundel County, Maryland",2654
24003706103,"Census Tract 7061.03, Anne Arundel County, Maryland",1498
24003706302,"Census Tract 7063.02, Anne Arundel County, Maryland",3772
24003706303,"Census Tract 7063.03, Anne Arundel County, Maryland",2588
24003706304,"Census Tract 7063.04, Anne Arundel County, Maryland",2055
24003706402,"Census Tract 7064.02, Anne Arundel County, Maryland",3683
24003706403,"Census Tract 7064.03, Anne Arundel County, Maryland",4267
24003706404,"Census Tract 7064.04, Anne Arundel County, Maryland",2459
24003706500,"Census Tract 7065, Anne Arundel County, Maryland",5793
24003706600,"Census Tract 7066, Anne Arundel County, Maryland",5221
24003706700,"Census Tract 7067, Anne Arundel County, Maryland",4878
24003707001,"Census Tract 7070.01, Anne Arundel County, Maryland",5463
24003707002,"Census Tract 7070.02, Anne Arundel County, Maryland",4482
24003708001,"Census Tract 7080.01, Anne Arundel County, Maryland",3742
24003708004,"Census Tract 7080.04, Anne Arundel County, Maryland",6421
24003730101,"Census Tract 7301.01, Anne Arundel County, Maryland",2135
24003730102,"Census Tract 7301.02, Anne Arundel County, Maryland",11304
24003730204,"Census Tract 7302.04, Anne Arundel County, Maryland",6529
24003730205,"Census Tract 7302.05, Anne Arundel County, Maryland",2106
24003730206,"Census Tract 7302.06, Anne Arundel County, Maryland",3202
24003730300,"Census Tract 7303, Anne Arundel County, Maryland",3893
24003730401,"Census Tract 7304.01, Anne Arundel County, Maryland",5491
24003730403,"Census Tract 7304.03, Anne Arundel County, Maryland",4131
24003730404,"Census Tract 7304.04, Anne Arundel County, Maryland",1890
24003730507,"Census Tract 7305.07, Anne Arundel County, Maryland",4599
24003730508,"Census Tract 7305.08, Anne Arundel County, Maryland",2552
24003730509,"Census Tract 7305.09, Anne Arundel County, Maryland",4502
24003730510,"Census Tract 7305.10, Anne Arundel County, Maryland",3570
24003730511,"Census Tract 7305.11, Anne Arundel County, Maryland",1221
24003730512,"Census Tract 7305.12, Anne Arundel County, Maryland",2029
24003730513,"Census Tract 7305.13, Anne Arundel County, Maryland",1596
24003730514,"Census Tract 7305.14, Anne Arundel County, Maryland",3201
24003730601,"Census Tract 7306.01, Anne Arundel County, Maryland",6928
24003730603,"Census Tract 7306.03, Anne Arundel County, Maryland",3272
24003730605,"Census Tract 7306.05, Anne Arundel County, Maryland",2828
24003730606,"Census Tract 7306.06, Anne Arundel County, Maryland",4638
24003730701,"Census Tract 7307.01, Anne Arundel County, Maryland",2526
24003730702,"Census Tract 7307.02, Anne Arundel County, Maryland",4277
24003730800,"Census Tract 7308, Anne Arundel County, Maryland",2373
24003730901,"Census Tract 7309.01, Anne Arundel County, Maryland",2821
24003730902,"Census Tract 7309.02, Anne Arundel County, Maryland",3923
24003731002,"Census Tract 7310.02, Anne Arundel County, Maryland",3504
24003731003,"Census Tract 7310.03, Anne Arundel County, Maryland",4444
24003731004,"Census Tract 7310.04, Anne Arundel County, Maryland",4138
24003731103,"Census Tract 7311.03, Anne Arundel County, Maryland",5666
24003731104,"Census Tract 7311.04, Anne Arundel County, Maryland",5605
24003731105,"Census Tract 7311.05, Anne Arundel County, Maryland",3354
24003731106,"Census Tract 7311.06, Anne Arundel County, Maryland",4523
24003731107,"Census Tract 7311.07, Anne Arundel County, Maryland",3846
24003731201,"Census Tract 7312.01, Anne Arundel County, Maryland",6383
24003731205,"Census Tract 7312.05, Anne Arundel County, Maryland",5146
24003731206,"Census Tract 7312.06, Anne Arundel County, Maryland",3559
24003731207,"Census Tract 7312.07, Anne Arundel County, Maryland",3373
24003731208,"Census Tract 7312.08, Anne Arundel County, Maryland",4330
24003731209,"Census Tract 7312.09, Anne Arundel County, Maryland",5024
24003731210,"Census Tract 7312.10, Anne Arundel County, Maryland",2273
24003731303,"Census Tract 7313.03, Anne Arundel County, Maryland",6709
24003731306,"Census Tract 7313.06, Anne Arundel County, Maryland",6072
24003731307,"Census Tract 7313.07, Anne Arundel County, Maryland",5720
24003731308,"Census Tract 7313.08, Anne Arundel County, Maryland",4218
24003731309,"Census Tract 7313.09, Anne Arundel County, Maryland",5115
24003731310,"Census Tract 7313.10, Anne Arundel County, Maryland",5016
24003731312,"Census Tract 7313.12, Anne Arundel County, Maryland",4402
24003731313,"Census Tract 7313.13, Anne Arundel County, Maryland",3574
24003740103,"Census Tract 7401.03, Anne Arundel County, Maryland",8806
24003740104,"Census Tract 7401.04, Anne Arundel County, Maryland",8702
24003740105,"Census Tract 7401.05, Anne Arundel County, Maryland",4015
24003740106,"Census Tract 7401.06, Anne Arundel County, Maryland",3065
24003740107,"Census Tract 7401.07, Anne Arundel County, Maryland",3364
24003740108,"Census Tract 7401.08, Anne Arundel County, Maryland",5218
24003740203,"Census Tract 7402.03, Anne Arundel County, Maryland",5479
24003740204,"Census Tract 7402.04, Anne Arundel County, Maryland",4430
24003740205,"Census Tract 7402.05, Anne Arundel County, Maryland",2800
24003740303,"Census Tract 7403.03, Anne Arundel County, Maryland",5212
24003740304,"Census Tract 7403.04, Anne Arundel County, Maryland",6425
24003740305,"Census Tract 7403.05, Anne Arundel County, Maryland",10810
24003740400,"Census Tract 7404, Anne Arundel County, Maryland",5535
24003740501,"Census Tract 7405.01, Anne Arundel County, Maryland",5981
24003740502,"Census Tract 7405.02, Anne Arundel County, Maryland",4919
24003740601,"Census Tract 7406.01, Anne Arundel County, Maryland",5752
24003740602,"Census Tract 7406.02, Anne Arundel County, Maryland",3441
24003740603,"Census Tract 7406.03, Anne Arundel County, Maryland",3316
24003740701,"Census Tract 7407.01, Anne Arundel County, Maryland",6770
24003740703,"Census Tract 7407.03, Anne Arundel County, Maryland",6455
24003740704,"Census Tract 7407.04, Anne Arundel County, Maryland",5380
24003740800,"Census Tract 7408, Anne Arundel County, Maryland",4887
24003740900,"Census Tract 7409, Anne Arundel County, Maryland",8232
24003741000,"Census Tract 7410, Anne Arundel County, Maryland",2885
24003750101,"Census Tract 7501.01, Anne Arundel County, Maryland",4644
24003750102,"Census Tract 7501.02, Anne Arundel County, Maryland",2502
24003750201,"Census Tract 7502.01, Anne Arundel County, Maryland",3500
24003750204,"Census Tract 7502.04, Anne Arundel County, Maryland",4895
24003750300,"Census Tract 7503, Anne Arundel County, Maryland",2626
24003750400,"Census Tract 7504, Anne Arundel County, Maryland",4081
24003750801,"Census Tract 7508.01, Anne Arundel County, Maryland",6370
24003750803,"Census Tract 7508.03, Anne Arundel County, Maryland",6782
24003750804,"Census Tract 7508.04, Anne Arundel County, Maryland",3961
24003750900,"Census Tract 7509, Anne Arundel County, Maryland",2908
24003751000,"Census Tract 7510, Anne Arundel County, Maryland",4003
24003751102,"Census Tract 7511.02, Anne Arundel County, Maryland",4384
24003751103,"Census Tract 7511.03, Anne Arundel County, Maryland",5132
24003751200,"Census Tract 7512, Anne Arundel County, Maryland",4838
24003751400,"Census Tract 7514, Anne Arundel County, Maryland",4314
24003751500,"Census Tract 7515, Anne Arundel County, Maryland",7159
24003751600,"Census Tract 7516, Anne Arundel County, Maryland",5127
24003751700,"Census Tract 7517, Anne Arundel County, Maryland",2771
24003980000,"Census Tract 9800, Anne Arundel County, Maryland",7
24003990000,"Census Tract 9900, Anne Arundel County, Maryland",0
24005400100,"Census Tract 4001, Baltimore County, Maryland",4439
24005400200,"Census Tract 4002, Baltimore County, Maryland",2786
24005400400,"Census Tract 4004, Baltimore County, Maryland",5496
24005400500,"Census Tract 4005, Baltimore County, Maryland",2722
24005400600,"Census Tract 4006, Baltimore County, Maryland",3287
24005400701,"Census Tract 4007.01, Baltimore County, Maryland",2930
24005400702,"Census Tract 4007.02, Baltimore County, Maryland",2190
24005400800,"Census Tract 4008, Baltimore County, Maryland",2905
24005400900,"Census Tract 4009, Baltimore County, Maryland",2054
24005401000,"Census Tract 4010, Baltimore County, Maryland",2342
24005401101,"Census Tract 4011.01, Baltimore County, Maryland",6162
24005401102,"Census Tract 4011.02, Baltimore County, Maryland",808
24005401200,"Census Tract 4012, Baltimore County, Maryland",3576
24005401301,"Census Tract 4013.01, Baltimore County, Maryland",4108
24005401302,"Census Tract 4013.02, Baltimore County, Maryland",3066
24005401400,"Census Tract 4014, Baltimore County, Maryland",1705
24005401503,"Census Tract 4015.03, Baltimore County, Maryland",6359
24005401504,"Census Tract 4015.04, Baltimore County, Maryland",7736
24005401505,"Census Tract 4015.05, Baltimore County, Maryland",4680
24005401506,"Census Tract 4015.06, Baltimore County, Maryland",4501
24005401507,"Census Tract 4015.07, Baltimore County, Maryland",6773
24005402201,"Census Tract 4022.01, Baltimore County, Maryland",3553
24005402202,"Census Tract 4022.02, Baltimore County, Maryland",1629
24005402302,"Census Tract 4023.02, Baltimore County, Maryland",5734
24005402303,"Census Tract 4023.03, Baltimore County, Maryland",6910
24005402304,"Census Tract 4023.04, Baltimore County, Maryland",3334
24005402305,"Census Tract 4023.05, Baltimore County, Maryland",2458
24005402306,"Census Tract 4023.06, Baltimore County, Maryland",4391
24005402307,"Census Tract 4023.07, Baltimore County, Maryland",6153
24005402403,"Census Tract 4024.03, Baltimore County, Maryland",2128
24005402404,"Census Tract 4024.04, Baltimore County, Maryland",5591
24005402405,"Census Tract 4024.05, Baltimore County, Maryland",3840
24005402407,"Census Tract 4024.07, Baltimore County, Maryland",1159
24005402408,"Census Tract 4024.08, Baltimore County, Maryland",2252
24005402409,"Census Tract 4024.09, Baltimore County, Maryland",4086
24005402503,"Census Tract 4025.03, Baltimore County, Maryland",4864
24005402504,"Census Tract 4025.04, Baltimore County, Maryland",4966
24005402505,"Census Tract 4025.05, Baltimore County, Maryland",3444
24005402506,"Census Tract 4025.06, Baltimore County, Maryland",4588
24005402510,"Census Tract 4025.10, Baltimore County, Maryland",5093
24005402511,"Census Tract 4025.11, Baltimore County, Maryland",5277
24005402602,"Census Tract 4026.02, Baltimore County, Maryland",2039
24005402603,"Census Tract 4026.03, Baltimore County, Maryland",5878
24005402604,"Census Tract 4026.04, Baltimore County, Maryland",7533
24005403100,"Census Tract 4031, Baltimore County, Maryland",2409
24005403201,"Census Tract 4032.01, Baltimore County, Maryland",3327
24005403202,"Census Tract 4032.02, Baltimore County, Maryland",2159
24005403300,"Census Tract 4033, Baltimore County, Maryland",2392
24005403401,"Census Tract 4034.01, Baltimore County, Maryland",3691
24005403402,"Census Tract 4034.02, Baltimore County, Maryland",4829
24005403500,"Census Tract 4035, Baltimore County, Maryland",5555
24005403601,"Census Tract 4036.01, Baltimore County, Maryland",4849
24005403602,"Census Tract 4036.02, Baltimore County, Maryland",6416
24005403702,"Census Tract 4037.02, Baltimore County, Maryland",6040
24005403703,"Census Tract 4037.03, Baltimore County, Maryland",2478
24005403704,"Census Tract 4037.04, Baltimore County, Maryland",4698
24005403801,"Census Tract 4038.01, Baltimore County, Maryland",1317
24005403802,"Census Tract 4038.02, Baltimore County, Maryland",2947
24005403803,"Census Tract 4038.03, Baltimore County, Maryland",3339
24005404101,"Census Tract 4041.01, Baltimore County, Maryland",6811
24005404102,"Census Tract 4041.02, Baltimore County, Maryland",5998
24005404201,"Census Tract 4042.01, Baltimore County, Maryland",6128
24005404202,"Census Tract 4042.02, Baltimore County, Maryland",8377
24005404402,"Census Tract 4044.02, Baltimore County, Maryland",6299
24005404403,"Census Tract 4044.03, Baltimore County, Maryland",5185
24005404404,"Census Tract 4044.04, Baltimore County, Maryland",6233
24005404501,"Census Tract 4045.01, Baltimore County, Maryland",6677
24005404502,"Census Tract 4045.02, Baltimore County, Maryland",3694
24005404600,"Census Tract 4046, Baltimore County, Maryland",2542
24005404800,"Census Tract 4048, Baltimore County, Maryland",2138
24005404900,"Census Tract 4049, Baltimore County, Maryland",4574
24005405000,"Census Tract 4050, Baltimore County, Maryland",4805
24005406000,"Census Tract 4060, Baltimore County, Maryland",5786
24005407001,"Census Tract 4070.01, Baltimore County, Maryland",3230
24005407002,"Census Tract 4070.02, Baltimore County, Maryland",5624
24005408100,"Census Tract 4081, Baltimore County, Maryland",5981
24005408200,"Census Tract 4082, Baltimore County, Maryland",1959
24005408302,"Census Tract 4083.02, Baltimore County, Maryland",2970
24005408303,"Census Tract 4083.03, Baltimore County, Maryland",3217
24005408304,"Census Tract 4083.04, Baltimore County, Maryland",4870
24005408400,"Census Tract 4084, Baltimore County, Maryland",1265
24005408502,"Census Tract 4085.02, Baltimore County, Maryland",5657
24005408503,"Census Tract 4085.03, Baltimore County, Maryland",4336
24005408505,"Census Tract 4085.05, Baltimore County, Maryland",3769
24005408506,"Census Tract 4085.06, Baltimore County, Maryland",5107
24005408507,"Census Tract 4085.07, Baltimore County, Maryland",6462
24005408601,"Census Tract 4086.01, Baltimore County, Maryland",4409
24005408602,"Census Tract 4086.02, Baltimore County, Maryland",1955
24005408702,"Census Tract 4087.02, Baltimore County, Maryland",2378
24005408703,"Census Tract 4087.03, Baltimore County, Maryland",6943
24005408704,"Census Tract 4087.04, Baltimore County, Maryland",5474
24005408800,"Census Tract 4088, Baltimore County, Maryland",2602
24005408900,"Census Tract 4089, Baltimore County, Maryland",2595
24005410100,"Census Tract 4101, Baltimore County, Maryland",6115
24005410200,"Census Tract 4102, Baltimore County, Maryland",4998
24005411101,"Census Tract 4111.01, Baltimore County, Maryland",2196
24005411102,"Census Tract 4111.02, Baltimore County, Maryland",3389
24005411201,"Census Tract 4112.01, Baltimore County, Maryland",3018
24005411202,"Census Tract 4112.02, Baltimore County, Maryland",4200
24005411302,"Census Tract 4113.02, Baltimore County, Maryland",4150
24005411303,"Census Tract 4113.03, Baltimore County, Maryland",6628
24005411306,"Census Tract 4113.06, Baltimore County, Maryland",5902
24005411307,"Census Tract 4113.07, Baltimore County, Maryland",3523
24005411308,"Census Tract 4113.08, Baltimore County, Maryland",4169
24005411309,"Census Tract 4113.09, Baltimore County, Maryland",8689
24005411404,"Census Tract 4114.04, Baltimore County, Maryland",3603
24005411406,"Census Tract 4114.06, Baltimore County, Maryland",4297
24005411408,"Census Tract 4114.08, Baltimore County, Maryland",3942
24005411409,"Census Tract 4114.09, Baltimore County, Maryland",4721
24005411410,"Census Tract 4114.10, Baltimore County, Maryland",4992
24005411411,"Census Tract 4114.11, Baltimore County, Maryland",2962
24005411412,"Census Tract 4114.12, Baltimore County, Maryland",4070
24005411413,"Census Tract 4114.13, Baltimore County, Maryland",3336
24005420100,"Census Tract 4201, Baltimore County, Maryland",3593
24005420200,"Census Tract 4202, Baltimore County, Maryland",3319
24005420301,"Census Tract 4203.01, Baltimore County, Maryland",2358
24005420302,"Census Tract 4203.02, Baltimore County, Maryland",2584
24005420303,"Census Tract 4203.03, Baltimore County, Maryland",1257
24005420401,"Census Tract 4204.01, Baltimore County, Maryland",7541
24005420402,"Census Tract 4204.02, Baltimore County, Maryland",2188
24005420500,"Census Tract 4205, Baltimore County, Maryland",3704
24005420600,"Census Tract 4206, Baltimore County, Maryland",4720
24005420701,"Census Tract 4207.01, Baltimore County, Maryland",3235
24005420702,"Census Tract 4207.02, Baltimore County, Maryland",2422
24005420800,"Census Tract 4208, Baltimore County, Maryland",3287
24005420900,"Census Tract 4209, Baltimore County, Maryland",3503
24005421000,"Census Tract 4210, Baltimore County, Maryland",2010
24005421101,"Census Tract 4211.01, Baltimore County, Maryland",2936
24005421102,"Census Tract 4211.02, Baltimore County, Maryland",2589
24005421200,"Census Tract 4212, Baltimore County, Maryland",1841
24005430101,"Census Tract 4301.01, Baltimore County, Maryland",4745
24005430104,"Census Tract 4301.04, Baltimore County, Maryland",2761
24005430200,"Census Tract 4302, Baltimore County, Maryland",2946
24005430300,"Census Tract 4303, Baltimore County, Maryland",6364
24005430400,"Census Tract 4304, Baltimore County, Maryland",4221
24005430600,"Census Tract 4306, Baltimore County, Maryland",2340
24005430700,"Census Tract 4307, Baltimore County, Maryland",5339
24005430800,"Census Tract 4308, Baltimore County, Maryland",3718
24005430900,"Census Tract 4309, Baltimore County, Maryland",4044
24005440100,"Census Tract 4401, Baltimore County, Maryland",4521
24005440200,"Census Tract 4402, Baltimore County, Maryland",2473
24005440300,"Census Tract 4403, Baltimore County, Maryland",1998
24005440400,"Census Tract 4404, Baltimore County, Maryland",6100
24005440500,"Census Tract 4405, Baltimore County, Maryland",3298
24005440600,"Census Tract 4406, Baltimore County, Maryland",2310
24005440701,"Census Tract 4407.01, Baltimore County, Maryland",6516
24005440702,"Census Tract 4407.02, Baltimore County, Maryland",5206
24005440800,"Census Tract 4408, Baltimore County, Maryland",3689
24005440900,"Census Tract 4409, Baltimore County, Maryland",4024
24005441000,"Census Tract 4410, Baltimore County, Maryland",4082
24005441101,"Census Tract 4411.01, Baltimore County, Maryland",2274
24005441102,"Census Tract 4411.02, Baltimore County, Maryland",5094
24005450100,"Census Tract 4501, Baltimore County, Maryland",3734
24005450200,"Census Tract 4502, Baltimore County, Maryland",3225
24005450300,"Census Tract 4503, Baltimore County, Maryland",3336
24005450400,"Census Tract 4504, Baltimore County, Maryland",2341
24005450501,"Census Tract 4505.01, Baltimore County, Maryland",3927
24005450503,"Census Tract 4505.03, Baltimore County, Maryland",5820
24005450504,"Census Tract 4505.04, Baltimore County, Maryland",6073
24005450800,"Census Tract 4508, Baltimore County, Maryland",4399
24005450900,"Census Tract 4509, Baltimore County, Maryland",4644
24005451000,"Census Tract 4510, Baltimore County, Maryland",1879
24005451100,"Census Tract 4511, Baltimore County, Maryland",2214
24005451200,"Census Tract 4512, Baltimore County, Maryland",4184
24005451300,"Census Tract 4513, Baltimore County, Maryland",3441
24005451401,"Census Tract 4514.01, Baltimore County, Maryland",3838
24005451402,"Census Tract 4514.02, Baltimore County, Maryland",5186
24005451500,"Census Tract 4515, Baltimore County, Maryland",4412
24005451600,"Census Tract 4516, Baltimore County, Maryland",1960
24005451701,"Census Tract 4517.01, Baltimore County, Maryland",5349
24005451702,"Census Tract 4517.02, Baltimore County, Maryland",1890
24005451801,"Census Tract 4518.01, Baltimore County, Maryland",5441
24005451802,"Census Tract 4518.02, Baltimore County, Maryland",3847
24005451803,"Census Tract 4518.03, Baltimore County, Maryland",4485
24005451900,"Census Tract 4519, Baltimore County, Maryland",2676
24005452000,"Census Tract 4520, Baltimore County, Maryland",2638
24005452100,"Census Tract 4521, Baltimore County, Maryland",3405
24005452300,"Census Tract 4523, Baltimore County, Maryland",2764
24005452400,"Census Tract 4524, Baltimore County, Maryland",3540
24005452500,"Census Tract 4525, Baltimore County, Maryland",4072
24005490100,"Census Tract 4901, Baltimore County, Maryland",4033
24005490200,"Census Tract 4902, Baltimore County, Maryland",3166
24005490302,"Census Tract 4903.02, Baltimore County, Maryland",4316
24005490303,"Census Tract 4903.03, Baltimore County, Maryland",3612
24005490304,"Census Tract 4903.04, Baltimore County, Maryland",4199
24005490400,"Census Tract 4904, Baltimore County, Maryland",1915
24005490500,"Census Tract 4905, Baltimore County, Maryland",3589
24005490601,"Census Tract 4906.01, Baltimore County, Maryland",2237
24005490602,"Census Tract 4906.02, Baltimore County, Maryland",3029
24005490603,"Census Tract 4906.03, Baltimore County, Maryland",2532
24005490605,"Census Tract 4906.05, Baltimore County, Maryland",5155
24005490701,"Census Tract 4907.01, Baltimore County, Maryland",1635
24005490703,"Census Tract 4907.03, Baltimore County, Maryland",3225
24005490800,"Census Tract 4908, Baltimore County, Maryland",3228
24005490900,"Census Tract 4909, Baltimore County, Maryland",4281
24005491000,"Census Tract 4910, Baltimore County, Maryland",2440
24005491100,"Census Tract 4911, Baltimore County, Maryland",3784
24005491201,"Census Tract 4912.01, Baltimore County, Maryland",1913
24005491202,"Census Tract 4912.02, Baltimore County, Maryland",1782
24005491300,"Census Tract 4913, Baltimore County, Maryland",3373
24005491401,"Census Tract 4914.01, Baltimore County, Maryland",5033
24005491402,"Census Tract 4914.02, Baltimore County, Maryland",3041
24005491500,"Census Tract 4915, Baltimore County, Maryland",4231
24005491600,"Census Tract 4916, Baltimore County, Maryland",3271
24005491701,"Census Tract 4917.01, Baltimore County, Maryland",4136
24005491900,"Census Tract 4919, Baltimore County, Maryland",1939
24005492001,"Census Tract 4920.01, Baltimore County, Maryland",1198
24005492002,"Census Tract 4920.02, Baltimore County, Maryland",3788
24005492101,"Census Tract 4921.01, Baltimore County, Maryland",3692
24005492102,"Census Tract 4921.02, Baltimore County, Maryland",2008
24005492200,"Census Tract 4922, Baltimore County, Maryland",4825
24005492300,"Census Tract 4923, Baltimore County, Maryland",4084
24005492401,"Census Tract 4924.01, Baltimore County, Maryland",4088
24005492402,"Census Tract 4924.02, Baltimore County, Maryland",6715
24005492500,"Census Tract 4925, Baltimore County, Maryland",3574
24005492600,"Census Tract 4926, Baltimore County, Maryland",3685
24005492700,"Census Tract 4927, Baltimore County, Maryland",3159
24005980100,"Census Tract 9801, Baltimore County, Maryland",0
24005980200,"Census Tract 9802, Baltimore County, Maryland",0
24009860103,"Census Tract 8601.03, Calvert County, Maryland",6596
24009860200,"Census Tract 8602, Calvert County, Maryland",5828
24009860300,"Census Tract 8603, Calvert County, Maryland",4252
24009860402,"Census Tract 8604.02, Calvert County, Maryland",3833
24009860403,"Census Tract 8604.03, Calvert County, Maryland",3685
24009860404,"Census Tract 8604.04, Calvert County, Maryland",7430
24009860501,"Census Tract 8605.01, Calvert County, Maryland",6690
24009860502,"Census Tract 8605.02, Calvert County, Maryland",3482
24009860600,"Census Tract 8606, Calvert County, Maryland",6817
24009860701,"Census Tract 8607.01, Calvert County, Maryland",3113
24009860702,"Census Tract 8607.02, Calvert County, Maryland",2786
24009860703,"Census Tract 8607.03, Calvert County, Maryland",4027
24009860801,"Census Tract 8608.01, Calvert County, Maryland",6769
24009860901,"Census Tract 8609.01, Calvert County, Maryland",5091
24009860902,"Census Tract 8609.02, Calvert County, Maryland",3042
24009861003,"Census Tract 8610.03, Calvert County, Maryland",6548
24009861004,"Census Tract 8610.04, Calvert County, Maryland",6619
24009861100,"Census Tract 8611, Calvert County, Maryland",5907
24009990100,"Census Tract 9901, Calvert County, Maryland",0
24011955000,"Census Tract 9550, Caroline County, Maryland",3488
24011955100,"Census Tract 9551, Caroline County, Maryland",5887
24011955201,"Census Tract 9552.01, Caroline County, Maryland",4068
24011955202,"Census Tract 9552.02, Caroline County, Maryland",2246
24011955301,"Census Tract 9553.01, Caroline County, Maryland",4343
24011955302,"Census Tract 9553.02, Caroline County, Maryland",3077
24011955400,"Census Tract 9554, Caroline County, Maryland",2084
24011955500,"Census Tract 9555, Caroline County, Maryland",3614
24011955600,"Census Tract 9556, Caroline County, Maryland",4427
24013501001,"Census Tract 5010.01, Carroll County, Maryland",4969
24013501002,"Census Tract 5010.02, Carroll County, Maryland",4918
24013502000,"Census Tract 5020, Carroll County, Maryland",3843
24013503000,"Census Tract 5030, Carroll County, Maryland",5693
24013504100,"Census Tract 5041, Carroll County, Maryland",4911
24013504201,"Census Tract 5042.01, Carroll County, Maryland",5790
24013504202,"Census Tract 5042.02, Carroll County, Maryland",7052
24013505101,"Census Tract 5051.01, Carroll County, Maryland",3896
24013505102,"Census Tract 5051.02, Carroll County, Maryland",5679
24013505203,"Census Tract 5052.03, Carroll County, Maryland",4046
24013505205,"Census Tract 5052.05, Carroll County, Maryland",3210
24013505206,"Census Tract 5052.06, Carroll County, Maryland",3120
24013505207,"Census Tract 5052.07, Carroll County, Maryland",3522
24013505208,"Census Tract 5052.08, Carroll County, Maryland",4868
24013506101,"Census Tract 5061.01, Carroll County, Maryland",5323
24013506102,"Census Tract 5061.02, Carroll County, Maryland",4762
24013506200,"Census Tract 5062, Carroll County, Maryland",5770
24013507500,"Census Tract 5075, Carroll County, Maryland",5250
24013507601,"Census Tract 5076.01, Carroll County, Maryland",4224
24013507602,"Census Tract 5076.02, Carroll County, Maryland",4528
24013507702,"Census Tract 5077.02, Carroll County, Maryland",3810
24013507703,"Census Tract 5077.03, Carroll County, Maryland",3380
24013507704,"Census Tract 5077.04, Carroll County, Maryland",6134
24013507801,"Census Tract 5078.01, Carroll County, Maryland",6804
24013507802,"Census Tract 5078.02, Carroll County, Maryland",4774
24013508103,"Census Tract 5081.03, Carroll County, Maryland",7835
24013508200,"Census Tract 5082, Carroll County, Maryland",6564
24013509001,"Census Tract 5090.01, Carroll County, Maryland",5014
24013509002,"Census Tract 5090.02, Carroll County, Maryland",2673
24013510000,"Census Tract 5100, Carroll County, Maryland",1355
24013511000,"Census Tract 5110, Carroll County, Maryland",3604
24013512000,"Census Tract 5120, Carroll County, Maryland",1512
24013513001,"Census Tract 5130.01, Carroll County, Maryland",5522
24013513002,"Census Tract 5130.02, Carroll County, Maryland",5700
24013514100,"Census Tract 5141, Carroll County, Maryland",3536
24013514201,"Census Tract 5142.01, Carroll County, Maryland",5081
24013514202,"Census Tract 5142.02, Carroll County, Maryland",3476
24015030100,"Census Tract 301, Cecil County, Maryland",5172
24015030200,"Census Tract 302, Cecil County, Maryland",5214
24015030400,"Census Tract 304, Cecil County, Maryland",4779
24015030501,"Census Tract 305.01, Cecil County, Maryland",4416
24015030503,"Census Tract 305.03, Cecil County, Maryland",5334
24015030505,"Census Tract 305.05, Cecil County, Maryland",3771
24015030507,"Census Tract 305.07, Cecil County, Maryland",4028
24015030508,"Census Tract 305.08, Cecil County, Maryland",4779
24015030601,"Census Tract 306.01, Cecil County, Maryland",4191
24015030602,"Census Tract 306.02, Cecil County, Maryland",5268
24015030700,"Census Tract 307, Cecil County, Maryland",5007
24015030903,"Census Tract 309.03, Cecil County, Maryland",5170
24015030904,"Census Tract 309.04, Cecil County, Maryland",8346
24015030905,"Census Tract 309.05, Cecil County, Maryland",2680
24015030907,"Census Tract 309.07, Cecil County, Maryland",4541
24015030908,"Census Tract 309.08, Cecil County, Maryland",5402
24015031201,"Census Tract 312.01, Cecil County, Maryland",5950
24015031202,"Census Tract 312.02, Cecil County, Maryland",5280
24015031301,"Census Tract 313.01, Cecil County, Maryland",3081
24015031302,"Census Tract 313.02, Cecil County, Maryland",6894
24015031400,"Census Tract 314, Cecil County, Maryland",4067
24017850101,"Census Tract 8501.01, Charles County, Maryland",6588
24017850102,"Census Tract 8501.02, Charles County, Maryland",2427
24017850201,"Census Tract 8502.01, Charles County, Maryland",1078
24017850202,"Census Tract 8502.02, Charles County, Maryland",4809
24017850300,"Census Tract 8503, Charles County, Maryland",1889
24017850400,"Census Tract 8504, Charles County, Maryland",3240
24017850500,"Census Tract 8505, Charles County, Maryland",3138
24017850600,"Census Tract 8506, Charles County, Maryland",5127
24017850706,"Census Tract 8507.06, Charles County, Maryland",5715
24017850708,"Census Tract 8507.08, Charles County, Maryland",5662
24017850709,"Census Tract 8507.09, Charles County, Maryland",6646
24017850710,"Census Tract 8507.10, Charles County, Maryland",6016
24017850711,"Census Tract 8507.11, Charles County, Maryland",5047
24017850712,"Census Tract 8507.12, Charles County, Maryland",5344
24017850713,"Census Tract 8507.13, Charles County, Maryland",9712
24017850801,"Census Tract 8508.01, Charles County, Maryland",4733
24017850802,"Census Tract 8508.02, Charles County, Maryland",5989
24017850901,"Census Tract 8509.01, Charles County, Maryland",5441
24017850902,"Census Tract 8509.02, Charles County, Maryland",5387
24017850904,"Census Tract 8509.04, Charles County, Maryland",12151
24017850905,"Census Tract 8509.05, Charles County, Maryland",3746
24017850906,"Census Tract 8509.06, Charles County, Maryland",4566
24017851001,"Census Tract 8510.01, Charles County, Maryland",4135
24017851003,"Census Tract 8510.03, Charles County, Maryland",4445
24017851004,"Census Tract 8510.04, Charles County, Maryland",5008
24017851100,"Census Tract 8511, Charles County, Maryland",3099
24017851200,"Census Tract 8512, Charles County, Maryland",5079
24017851301,"Census Tract 8513.01, Charles County, Maryland",5747
24017851302,"Census Tract 8513.02, Charles County, Maryland",4548
24017851401,"Census Tract 8514.01, Charles County, Maryland",2973
24017851402,"Census Tract 8514.02, Charles County, Maryland",3641
24017851403,"Census Tract 8514.03, Charles County, Maryland",1804
24017851501,"Census Tract 8515.01, Charles County, Maryland",3964
24017851502,"Census Tract 8515.02, Charles County, Maryland",6315
24017990000,"Census Tract 9900, Charles County, Maryland",0
24019970100,"Census Tract 9701, Dorchester County, Maryland",3112
24019970200,"Census Tract 9702, Dorchester County, Maryland",5519
24019970300,"Census Tract 9703, Dorchester County, Maryland",4362
24019970400,"Census Tract 9704, Dorchester County, Maryland",3438
24019970500,"Census Tract 9705, Dorchester County, Maryland",3744
24019970600,"Census Tract 9706, Dorchester County, Maryland",5191
24019970702,"Census Tract 9707.02, Dorchester County, Maryland",4003
24019970804,"Census Tract 9708.04, Dorchester County, Maryland",2028
24019970900,"Census Tract 9709, Dorchester County, Maryland",1089
24019990000,"Census Tract 9900, Dorchester County, Maryland",0
24021740200,"Census Tract 7402, Frederick County, Maryland",5305
24021750100,"Census Tract 7501, Frederick County, Maryland",1540
24021750200,"Census Tract 7502, Frederick County, Maryland",2064
24021750300,"Census Tract 7503, Frederick County, Maryland",1708
24021750504,"Census Tract 7505.04, Frederick County, Maryland",5210
24021750505,"Census Tract 7505.05, Frederick County, Maryland",7817
24021750506,"Census Tract 7505.06, Frederick County, Maryland",4298
24021750507,"Census Tract 7505.07, Frederick County, Maryland",3706
24021750508,"Census Tract 7505.08, Frederick County, Maryland",3773
24021750600,"Census Tract 7506, Frederick County, Maryland",2817
24021750701,"Census Tract 7507.01, Frederick County, Maryland",5699
24021750702,"Census Tract 7507.02, Frederick County, Maryland",4287
24021750801,"Census Tract 7508.01, Frederick County, Maryland",3317
24021750802,"Census Tract 7508.02, Frederick County, Maryland",6093
24021750804,"Census Tract 7508.04, Frederick County, Maryland",2221
24021750805,"Census Tract 7508.05, Frederick County, Maryland",4597
24021751001,"Census Tract 7510.01, Frederick County, Maryland",1468
24021751002,"Census Tract 7510.02, Frederick County, Maryland",5657
24021751003,"Census Tract 7510.03, Frederick County, Maryland",5635
24021751004,"Census Tract 7510.04, Frederick County, Maryland",5291
24021751201,"Census Tract 7512.01, Frederick County, Maryland",6237
24021751202,"Census Tract 7512.02, Frederick County, Maryland",6619
24021751203,"Census Tract 7512.03, Frederick County, Maryland",2070
24021751301,"Census Tract 7513.01, Frederick County, Maryland",5052
24021751302,"Census Tract 7513.02, Frederick County, Maryland",3178
24021751600,"Census Tract 7516, Frederick County, Maryland",3129
24021751701,"Census Tract 7517.01, Frederick County, Maryland",2763
24021751702,"Census Tract 7517.02, Frederick County, Maryland",3733
24021751801,"Census Tract 7518.01, Frederick County, Maryland",5156
24021751802,"Census Tract 7518.02, Frederick County, Maryland",3957
24021751902,"Census Tract 7519.02, Frederick County, Maryland",5827
24021751903,"Census Tract 7519.03, Frederick County, Maryland",7131
24021751904,"Census Tract 7519.04, Frederick County, Maryland",3937
24021751905,"Census Tract 7519.05, Frederick County, Maryland",3014
24021751906,"Census Tract 7519.06, Frederick County, Maryland",2251
24021752001,"Census Tract 7520.01, Frederick County, Maryland",4839
24021752101,"Census Tract 7521.01, Frederick County, Maryland",3486
24021752102,"Census Tract 7521.02, Frederick County, Maryland",6349
24021752201,"Census Tract 7522.01, Frederick County, Maryland",2256
24021752202,"Census Tract 7522.02, Frederick County, Maryland",4073
24021752205,"Census Tract 7522.05, Frederick County, Maryland",4334
24021752206,"Census Tract 7522.06, Frederick County, Maryland",5477
24021752301,"Census Tract 7523.01, Frederick County, Maryland",6379
24021752302,"Census Tract 7523.02, Frederick County, Maryland",4273
24021752303,"Census Tract 7523.03, Frederick County, Maryland",3391
24021752501,"Census Tract 7525.01, Frederick County, Maryland",5604
24021752502,"Census Tract 7525.02, Frederick County, Maryland",2732
24021752601,"Census Tract 7526.01, Frederick County, Maryland",4442
24021752602,"Census Tract 7526.02, Frederick County, Maryland",2227
24021752603,"Census Tract 7526.03, Frederick County, Maryland",4564
24021752801,"Census Tract 7528.01, Frederick County, Maryland",1967
24021752802,"Census Tract 7528.02, Frederick County, Maryland",3896
24021752900,"Census Tract 7529, Frederick County, Maryland",3213
24021753001,"Census Tract 7530.01, Frederick County, Maryland",4989
24021753002,"Census Tract 7530.02, Frederick County, Maryland",2511
24021765100,"Census Tract 7651, Frederick County, Maryland",4318
24021766800,"Census Tract 7668, Frederick County, Maryland",5741
24021767500,"Census Tract 7675, Frederick County, Maryland",2596
24021767600,"Census Tract 7676, Frederick County, Maryland",3338
24021770700,"Census Tract 7707, Frederick County, Maryland",3750
24021772200,"Census Tract 7722, Frederick County, Maryland",1745
24021773500,"Census Tract 7735, Frederick County, Maryland",4480
24021775302,"Census Tract 7753.02, Frederick County, Maryland",5314
24021775400,"Census Tract 7754, Frederick County, Maryland",4035
24021775600,"Census Tract 7756, Frederick County, Maryland",4622
24023000100,"Census Tract 1, Garrett County, Maryland",3587
24023000200,"Census Tract 2, Garrett County, Maryland",3932
24023000300,"Census Tract 3, Garrett County, Maryland",2683
24023000400,"Census Tract 4, Garrett County, Maryland",2665
24023000501,"Census Tract 5.01, Garrett County, Maryland",1594
24023000502,"Census Tract 5.02, Garrett County, Maryland",2868
24023000601,"Census Tract 6.01, Garrett County, Maryland",4262
24023000602,"Census Tract 6.02, Garrett County, Maryland",1581
24023000700,"Census Tract 7, Garrett County, Maryland",5783
24025301102,"Census Tract 3011.02, Harford County, Maryland",3633
24025301105,"Census Tract 3011.05, Harford County, Maryland",3675
24025301106,"Census Tract 3011.06, Harford County, Maryland",4766
24025301107,"Census Tract 3011.07, Harford County, Maryland",3564
24025301108,"Census Tract 3011.08, Harford County, Maryland",3936
24025301201,"Census Tract 3012.01, Harford County, Maryland",1839
24025301202,"Census Tract 3012.02, Harford County, Maryland",7698
24025301204,"Census Tract 3012.04, Harford County, Maryland",4210
24025301205,"Census Tract 3012.05, Harford County, Maryland",4112
24025301301,"Census Tract 3013.01, Harford County, Maryland",4615
24025301302,"Census Tract 3013.02, Harford County, Maryland",8016
24025301401,"Census Tract 3014.01, Harford County, Maryland",7650
24025301402,"Census Tract 3014.02, Harford County, Maryland",2372
24025301601,"Census Tract 3016.01, Harford County, Maryland",5771
24025301602,"Census Tract 3016.02, Harford County, Maryland",8294
24025301703,"Census Tract 3017.03, Harford County, Maryland",5531
24025301704,"Census Tract 3017.04, Harford County, Maryland",3209
24025301705,"Census Tract 3017.05, Harford County, Maryland",2443
24025301706,"Census Tract 3017.06, Harford County, Maryland",3127
24025301707,"Census Tract 3017.07, Harford County, Maryland",4021
24025302100,"Census Tract 3021, Harford County, Maryland",2249
24025302200,"Census Tract 3022, Harford County, Maryland",3444
24025302400,"Census Tract 3024, Harford County, Maryland",4284
24025302801,"Census Tract 3028.01, Harford County, Maryland",3280
24025302802,"Census Tract 3028.02, Harford County, Maryland",4399
24025302901,"Census Tract 3029.01, Harford County, Maryland",2660
24025302902,"Census Tract 3029.02, Harford County, Maryland",4772
24025303101,"Census Tract 3031.01, Harford County, Maryland",6290
24025303102,"Census Tract 3031.02, Harford County, Maryland",2699
24025303201,"Census Tract 3032.01, Harford County, Maryland",5616
24025303203,"Census Tract 3032.03, Harford County, Maryland",3225
24025303204,"Census Tract 3032.04, Harford County, Maryland",4739
24025303205,"Census Tract 3032.05, Harford County, Maryland",2076
24025303206,"Census Tract 3032.06, Harford County, Maryland",3617
24025303300,"Census Tract 3033, Harford County, Maryland",6724
24025303400,"Census Tract 3034, Harford County, Maryland",4862
24025303501,"Census Tract 3035.01, Harford County, Maryland",7304
24025303502,"Census Tract 3035.02, Harford County, Maryland",3349
24025303602,"Census Tract 3036.02, Harford County, Maryland",3196
24025303603,"Census Tract 3036.03, Harford County, Maryland",6972
24025303605,"Census Tract 3036.05, Harford County, Maryland",6696
24025303606,"Census Tract 3036.06, Harford County, Maryland",3431
24025303700,"Census Tract 3037, Harford County, Maryland",3760
24025303801,"Census Tract 3038.01, Harford County, Maryland",2940
24025303802,"Census Tract 3038.02, Harford County, Maryland",2005
24025303803,"Census Tract 3038.03, Harford County, Maryland",4740
24025303900,"Census Tract 3039, Harford County, Maryland",2534
24025304101,"Census Tract 3041.01, Harford County, Maryland",4825
24025304102,"Census Tract 3041.02, Harford County, Maryland",3913
24025304201,"Census Tract 3042.01, Harford County, Maryland",7405
24025304202,"Census Tract 3042.02, Harford County, Maryland",6080
24025305100,"Census Tract 3051, Harford County, Maryland",8358
24025305200,"Census Tract 3052, Harford County, Maryland",2783
24025305300,"Census Tract 3053, Harford County, Maryland",1934
24025306100,"Census Tract 3061, Harford County, Maryland",4237
24025306200,"Census Tract 3062, Harford County, Maryland",2286
24025306300,"Census Tract 3063, Harford County, Maryland",3104
24025306400,"Census Tract 3064, Harford County, Maryland",6758
24025306500,"Census Tract 3065, Harford County, Maryland",3134
24027601103,"Census Tract 6011.03, Howard County, Maryland",5910
24027601104,"Census Tract 6011.04, Howard County, Maryland",7014
24027601105,"Census Tract 6011.05, Howard County, Maryland",5374
24027601107,"Census Tract 6011.07, Howard County, Maryland",5608
24027601108,"Census Tract 6011.08, Howard County, Maryland",3607
24027601203,"Census Tract 6012.03, Howard County, Maryland",8569
24027601204,"Census Tract 6012.04, Howard County, Maryland",7481
24027601205,"Census Tract 6012.05, Howard County, Maryland",4610
24027601206,"Census Tract 6012.06, Howard County, Maryland",4301
24027602100,"Census Tract 6021, Howard County, Maryland",8738
24027602201,"Census Tract 6022.01, Howard County, Maryland",3638
24027602202,"Census Tract 6022.02, Howard County, Maryland",5991
24027602302,"Census Tract 6023.02, Howard County, Maryland",6133
24027602303,"Census Tract 6023.03, Howard County, Maryland",4606
24027602304,"Census Tract 6023.04, Howard County, Maryland",5105
24027602305,"Census Tract 6023.05, Howard County, Maryland",4429
24027602306,"Census Tract 6023.06, Howard County, Maryland",5915
24027602600,"Census Tract 6026, Howard County, Maryland",7887
24027602700,"Census Tract 6027, Howard County, Maryland",6020
24027602800,"Census Tract 6028, Howard County, Maryland",6280
24027602900,"Census Tract 6029, Howard County, Maryland",4589
24027603001,"Census Tract 6030.01, Howard County, Maryland",6212
24027603003,"Census Tract 6030.03, Howard County, Maryland",4480
24027603004,"Census Tract 6030.04, Howard County, Maryland",7795
24027604001,"Census Tract 6040.01, Howard County, Maryland",6485
24027604003,"Census Tract 6040.03, Howard County, Maryland",4114
24027604004,"Census Tract 6040.04, Howard County, Maryland",4684
24027605103,"Census Tract 6051.03, Howard County, Maryland",5498
24027605104,"Census Tract 6051.04, Howard County, Maryland",6045
24027605105,"Census Tract 6051.05, Howard County, Maryland",7619
24027605106,"Census Tract 6051.06, Howard County, Maryland",4034
24027605401,"Census Tract 6054.01, Howard County, Maryland",5247
24027605403,"Census Tract 6054.03, Howard County, Maryland",4124
24027605404,"Census Tract 6054.04, Howard County, Maryland",4318
24027605502,"Census Tract 6055.02, Howard County, Maryland",4256
24027605503,"Census Tract 6055.03, Howard County, Maryland",5023
24027605504,"Census Tract 6055.04, Howard County, Maryland",2730
24027605505,"Census Tract 6055.05, Howard County, Maryland",6722
24027605601,"Census Tract 6056.01, Howard County, Maryland",8054
24027605602,"Census Tract 6056.02, Howard County, Maryland",8374
24027606601,"Census Tract 6066.01, Howard County, Maryland",3839
24027606603,"Census Tract 6066.03, Howard County, Maryland",8414
24027606604,"Census Tract 6066.04, Howard County, Maryland",4312
24027606606,"Census Tract 6066.06, Howard County, Maryland",5580
24027606607,"Census Tract 6066.07, Howard County, Maryland",4330
24027606701,"Census Tract 6067.01, Howard County, Maryland",2812
24027606704,"Census Tract 6067.04, Howard County, Maryland",6473
24027606706,"Census Tract 6067.06, Howard County, Maryland",5046
24027606708,"Census Tract 6067.08, Howard County, Maryland",6527
24027606803,"Census Tract 6068.03, Howard County, Maryland",5670
24027606804,"Census Tract 6068.04, Howard County, Maryland",2946
24027606805,"Census Tract 6068.05, Howard County, Maryland",4949
24027606807,"Census Tract 6068.07, Howard County, Maryland",2428
24027606808,"Census Tract 6068.08, Howard County, Maryland",6852
24027606901,"Census Tract 6069.01, Howard County, Maryland",7042
24027606904,"Census Tract 6069.04, Howard County, Maryland",4631
24027606905,"Census Tract 6069.05, Howard County, Maryland",7740
24027606906,"Census Tract 6069.06, Howard County, Maryland",6426
24027606907,"Census Tract 6069.07, Howard County, Maryland",5612
24029950100,"Census Tract 9501, Kent County, Maryland",3512
24029950200,"Census Tract 9502, Kent County, Maryland",4372
24029950300,"Census Tract 9503, Kent County, Maryland",5895
24029950400,"Census Tract 9504, Kent County, Maryland",2914
24029950500,"Census Tract 9505, Kent County, Maryland",2642
24029990000,"Census Tract 9900, Kent County, Maryland",0
24031700101,"Census Tract 7001.01, Montgomery County, Maryland",4915
24031700103,"Census Tract 7001.03, Montgomery County, Maryland",5365
24031700104,"Census Tract 7001.04, Montgomery County, Maryland",5245
24031700105,"Census Tract 7001.05, Montgomery County, Maryland",7147
24031700204,"Census Tract 7002.04, Montgomery County, Maryland",2292
24031700206,"Census Tract 7002.06, Montgomery County, Maryland",5756
24031700207,"Census Tract 7002.07, Montgomery County, Maryland",5180
24031700208,"Census Tract 7002.08, Montgomery County, Maryland",2421
24031700209,"Census Tract 7002.09, Montgomery County, Maryland",4683
24031700210,"Census Tract 7002.10, Montgomery County, Maryland",8651
24031700306,"Census Tract 7003.06, Montgomery County, Maryland",8241
24031700308,"Census Tract 7003.08, Montgomery County, Maryland",6908
24031700309,"Census Tract 7003.09, Montgomery County, Maryland",4998
24031700310,"Census Tract 7003.10, Montgomery County, Maryland",6645
24031700313,"Census Tract 7003.13, Montgomery County, Maryland",4116
24031700314,"Census Tract 7003.14, Montgomery County, Maryland",3851
24031700315,"Census Tract 7003.15, Montgomery County, Maryland",5933
24031700316,"Census Tract 7003.16, Montgomery County, Maryland",3613
24031700317,"Census Tract 7003.17, Montgomery County, Maryland",5773
24031700318,"Census Tract 7003.18, Montgomery County, Maryland",3449
24031700400,"Census Tract 7004, Montgomery County, Maryland",2340
24031700500,"Census Tract 7005, Montgomery County, Maryland",7061
24031700604,"Census Tract 7006.04, Montgomery County, Maryland",6647
24031700606,"Census Tract 7006.06, Montgomery County, Maryland",4104
24031700608,"Census Tract 7006.08, Montgomery County, Maryland",5516
24031700610,"Census Tract 7006.10, Montgomery County, Maryland",2079
24031700611,"Census Tract 7006.11, Montgomery County, Maryland",5333
24031700613,"Census Tract 7006.13, Montgomery County, Maryland",6516
24031700614,"Census Tract 7006.14, Montgomery County, Maryland",5198
24031700615,"Census Tract 7006.15, Montgomery County, Maryland",2909
24031700616,"Census Tract 7006.16, Montgomery County, Maryland",5140
24031700617,"Census Tract 7006.17, Montgomery County, Maryland",2007
24031700618,"Census Tract 7006.18, Montgomery County, Maryland",5681
24031700706,"Census Tract 7007.06, Montgomery County, Maryland",4318
24031700710,"Census Tract 7007.10, Montgomery County, Maryland",6676
24031700711,"Census Tract 7007.11, Montgomery County, Maryland",6551
24031700713,"Census Tract 7007.13, Montgomery County, Maryland",5452
24031700715,"Census Tract 7007.15, Montgomery County, Maryland",6871
24031700718,"Census Tract 7007.18, Montgomery County, Maryland",5829
24031700720,"Census Tract 7007.20, Montgomery County, Maryland",3460
24031700721,"Census Tract 7007.21, Montgomery County, Maryland",3401
24031700723,"Census Tract 7007.23, Montgomery County, Maryland",3959
24031700724,"Census Tract 7007.24, Montgomery County, Maryland",3511
24031700725,"Census Tract 7007.25, Montgomery County, Maryland",5537
24031700726,"Census Tract 7007.26, Montgomery County, Maryland",4056
24031700727,"Census Tract 7007.27, Montgomery County, Maryland",1722
24031700728,"Census Tract 7007.28, Montgomery County, Maryland",1950
24031700729,"Census Tract 7007.29, Montgomery County, Maryland",3035
24031700730,"Census Tract 7007.30, Montgomery County, Maryland",5200
24031700731,"Census Tract 7007.31, Montgomery County, Maryland",3638
24031700732,"Census Tract 7007.32, Montgomery County, Maryland",3236
24031700733,"Census Tract 7007.33, Montgomery County, Maryland",5278
24031700810,"Census Tract 7008.10, Montgomery County, Maryland",5625
24031700811,"Census Tract 7008.11, Montgomery County, Maryland",4574
24031700812,"Census Tract 7008.12, Montgomery County, Maryland",4352
24031700813,"Census Tract 7008.13, Montgomery County, Maryland",5720
24031700815,"Census Tract 7008.15, Montgomery County, Maryland",8336
24031700818,"Census Tract 7008.18, Montgomery County, Maryland",6352
24031700819,"Census Tract 7008.19, Montgomery County, Maryland",6479
24031700820,"Census Tract 7008.20, Montgomery County, Maryland",3183
24031700822,"Census Tract 7008.22, Montgomery County, Maryland",1717
24031700823,"Census Tract 7008.23, Montgomery County, Maryland",3194
24031700824,"Census Tract 7008.24, Montgomery County, Maryland",2780
24031700826,"Census Tract 7008.26, Montgomery County, Maryland",6277
24031700828,"Census Tract 7008.28, Montgomery County, Maryland",2114
24031700829,"Census Tract 7008.29, Montgomery County, Maryland",3444
24031700830,"Census Tract 7008.30, Montgomery County, Maryland",2726
24031700832,"Census Tract 7008.32, Montgomery County, Maryland",3175
24031700833,"Census Tract 7008.33, Montgomery County, Maryland",3805
24031700834,"Census Tract 7008.34, Montgomery County, Maryland",5039
24031700835,"Census Tract 7008.35, Montgomery County, Maryland",5048
24031700836,"Census Tract 7008.36, Montgomery County, Maryland",1591
24031700837,"Census Tract 7008.37, Montgomery County, Maryland",7016
24031700838,"Census Tract 7008.38, Montgomery County, Maryland",4252
24031700839,"Census Tract 7008.39, Montgomery County, Maryland",5303
24031700901,"Census Tract 7009.01, Montgomery County, Maryland",5064
24031700902,"Census Tract 7009.02, Montgomery County, Maryland",4512
24031700903,"Census Tract 7009.03, Montgomery County, Maryland",2186
24031700904,"Census Tract 7009.04, Montgomery County, Maryland",3408
24031700905,"Census Tract 7009.05, Montgomery County, Maryland",4082
24031701001,"Census Tract 7010.01, Montgomery County, Maryland",5260
24031701002,"Census Tract 7010.02, Montgomery County, Maryland",3861
24031701004,"Census Tract 7010.04, Montgomery County, Maryland",5097
24031701005,"Census Tract 7010.05, Montgomery County, Maryland",3373
24031701006,"Census Tract 7010.06, Montgomery County, Maryland",5668
24031701007,"Census Tract 7010.07, Montgomery County, Maryland",3791
24031701101,"Census Tract 7011.01, Montgomery County, Maryland",4764
24031701102,"Census Tract 7011.02, Montgomery County, Maryland",6131
24031701201,"Census Tract 7012.01, Montgomery County, Maryland",6509
24031701202,"Census Tract 7012.02, Montgomery County, Maryland",2593
24031701205,"Census Tract 7012.05, Montgomery County, Maryland",7394
24031701206,"Census Tract 7012.06, Montgomery County, Maryland",6232
24031701210,"Census Tract 7012.10, Montgomery County, Maryland",4032
24031701211,"Census Tract 7012.11, Montgomery County, Maryland",6188
24031701212,"Census Tract 7012.12, Montgomery County, Maryland",2632
24031701214,"Census Tract 7012.14, Montgomery County, Maryland",3933
24031701215,"Census Tract 7012.15, Montgomery County, Maryland",5343
24031701216,"Census Tract 7012.16, Montgomery County, Maryland",5485
24031701218,"Census Tract 7012.18, Montgomery County, Maryland",2847
24031701219,"Census Tract 7012.19, Montgomery County, Maryland",4182
24031701220,"Census Tract 7012.20, Montgomery County, Maryland",3724
24031701221,"Census Tract 7012.21, Montgomery County, Maryland",4608
24031701222,"Census Tract 7012.22, Montgomery County, Maryland",3879
24031701223,"Census Tract 7012.23, Montgomery County, Maryland",3080
24031701303,"Census Tract 7013.03, Montgomery County, Maryland",3455
24031701304,"Census Tract 7013.04, Montgomery County, Maryland",6418
24031701306,"Census Tract 7013.06, Montgomery County, Maryland",2604
24031701307,"Census Tract 7013.07, Montgomery County, Maryland",5148
24031701308,"Census Tract 7013.08, Montgomery County, Maryland",3816
24031701312,"Census Tract 7013.12, Montgomery County, Maryland",6840
24031701313,"Census Tract 7013.13, Montgomery County, Maryland",3836
24031701314,"Census Tract 7013.14, Montgomery County, Maryland",2940
24031701315,"Census Tract 7013.15, Montgomery County, Maryland",4481
24031701316,"Census Tract 7013.16, Montgomery County, Maryland",6968
24031701317,"Census Tract 7013.17, Montgomery County, Maryland",4427
24031701407,"Census Tract 7014.07, Montgomery County, Maryland",5853
24031701408,"Census Tract 7014.08, Montgomery County, Maryland",5701
24031701409,"Census Tract 7014.09, Montgomery County, Maryland",4674
24031701414,"Census Tract 7014.14, Montgomery County, Maryland",6989
24031701415,"Census Tract 7014.15, Montgomery County, Maryland",8210
24031701417,"Census Tract 7014.17, Montgomery County, Maryland",6114
24031701418,"Census Tract 7014.18, Montgomery County, Maryland",3466
24031701422,"Census Tract 7014.22, Montgomery County, Maryland",2776
24031701423,"Census Tract 7014.23, Montgomery County, Maryland",5799
24031701424,"Census Tract 7014.24, Montgomery County, Maryland",3555
24031701425,"Census Tract 7014.25, Montgomery County, Maryland",3851
24031701426,"Census Tract 7014.26, Montgomery County, Maryland",6588
24031701427,"Census Tract 7014.27, Montgomery County, Maryland",3203
24031701503,"Census Tract 7015.03, Montgomery County, Maryland",6191
24031701505,"Census Tract 7015.05, Montgomery County, Maryland",7563
24031701506,"Census Tract 7015.06, Montgomery County, Maryland",5072
24031701507,"Census Tract 7015.07, Montgomery County, Maryland",5795
24031701508,"Census Tract 7015.08, Montgomery County, Maryland",3835
24031701509,"Census Tract 7015.09, Montgomery County, Maryland",6029
24031701601,"Census Tract 7016.01, Montgomery County, Maryland",2289
24031701602,"Census Tract 7016.02, Montgomery County, Maryland",7736
24031701701,"Census Tract 7017.01, Montgomery County, Maryland",3510
24031701702,"Census Tract 7017.02, Montgomery County, Maryland",2686
24031701703,"Census Tract 7017.03, Montgomery County, Maryland",3777
24031701704,"Census Tract 7017.04, Montgomery County, Maryland",2843
24031701800,"Census Tract 7018, Montgomery County, Maryland",4695
24031701900,"Census Tract 7019, Montgomery County, Maryland",3309
24031702000,"Census Tract 7020, Montgomery County, Maryland",5601
24031702101,"Census Tract 7021.01, Montgomery County, Maryland",6452
24031702102,"Census Tract 7021.02, Montgomery County, Maryland",3667
24031702200,"Census Tract 7022, Montgomery County, Maryland",4179
24031702301,"Census Tract 7023.01, Montgomery County, Maryland",3550
24031702302,"Census Tract 7023.02, Montgomery County, Maryland",4371
24031702401,"Census Tract 7024.01, Montgomery County, Maryland",2743
24031702402,"Census Tract 7024.02, Montgomery County, Maryland",4889
24031702501,"Census Tract 7025.01, Montgomery County, Maryland",3705
24031702502,"Census Tract 7025.02, Montgomery County, Maryland",1483
24031702503,"Census Tract 7025.03, Montgomery County, Maryland",3505
24031702602,"Census Tract 7026.02, Montgomery County, Maryland",5569
24031702603,"Census Tract 7026.03, Montgomery County, Maryland",1917
24031702604,"Census Tract 7026.04, Montgomery County, Maryland",2765
24031702700,"Census Tract 7027, Montgomery County, Maryland",7535
24031702800,"Census Tract 7028, Montgomery County, Maryland",5282
24031702900,"Census Tract 7029, Montgomery County, Maryland",5691
24031703000,"Census Tract 7030, Montgomery County, Maryland",1670
24031703100,"Census Tract 7031, Montgomery County, Maryland",4682
24031703201,"Census Tract 7032.01, Montgomery County, Maryland",8463
24031703202,"Census Tract 7032.02, Montgomery County, Maryland",6638
24031703206,"Census Tract 7032.06, Montgomery County, Maryland",3551
24031703207,"Census Tract 7032.07, Montgomery County, Maryland",6202
24031703208,"Census Tract 7032.08, Montgomery County, Maryland",5572
24031703209,"Census Tract 7032.09, Montgomery County, Maryland",6304
24031703210,"Census Tract 7032.10, Montgomery County, Maryland",3776
24031703213,"Census Tract 7032.13, Montgomery County, Maryland",6441
24031703214,"Census Tract 7032.14, Montgomery County, Maryland",8043
24031703215,"Census Tract 7032.15, Montgomery County, Maryland",3087
24031703216,"Census Tract 7032.16, Montgomery County, Maryland",4009
24031703218,"Census Tract 7032.18, Montgomery County, Maryland",1943
24031703219,"Census Tract 7032.19, Montgomery County, Maryland",3339
24031703220,"Census Tract 7032.20, Montgomery County, Maryland",5342
24031703221,"Census Tract 7032.21, Montgomery County, Maryland",4828
24031703222,"Census Tract 7032.22, Montgomery County, Maryland",4256
24031703223,"Census Tract 7032.23, Montgomery County, Maryland",6020
24031703301,"Census Tract 7033.01, Montgomery County, Maryland",4987
24031703302,"Census Tract 7033.02, Montgomery County, Maryland",4744
24031703401,"Census Tract 7034.01, Montgomery County, Maryland",5456
24031703402,"Census Tract 7034.02, Montgomery County, Maryland",3968
24031703403,"Census Tract 7034.03, Montgomery County, Maryland",3480
24031703404,"Census Tract 7034.04, Montgomery County, Maryland",3421
24031703501,"Census Tract 7035.01, Montgomery County, Maryland",6687
24031703502,"Census Tract 7035.02, Montgomery County, Maryland",2897
24031703601,"Census Tract 7036.01, Montgomery County, Maryland",4390
24031703602,"Census Tract 7036.02, Montgomery County, Maryland",2636
24031703701,"Census Tract 7037.01, Montgomery County, Maryland",4334
24031703702,"Census Tract 7037.02, Montgomery County, Maryland",4260
24031703800,"Census Tract 7038, Montgomery County, Maryland",3844
24031703901,"Census Tract 7039.01, Montgomery County, Maryland",3370
24031703902,"Census Tract 7039.02, Montgomery County, Maryland",7980
24031704000,"Census Tract 7040, Montgomery County, Maryland",7029
24031704100,"Census Tract 7041, Montgomery County, Maryland",5042
24031704200,"Census Tract 7042, Montgomery County, Maryland",2336
24031704300,"Census Tract 7043, Montgomery County, Maryland",4027
24031704401,"Census Tract 7044.01, Montgomery County, Maryland",3264
24031704403,"Census Tract 7044.03, Montgomery County, Maryland",1402
24031704404,"Census Tract 7044.04, Montgomery County, Maryland",5849
24031704501,"Census Tract 7045.01, Montgomery County, Maryland",3170
24031704502,"Census Tract 7045.02, Montgomery County, Maryland",2843
24031704503,"Census Tract 7045.03, Montgomery County, Maryland",4137
24031704600,"Census Tract 7046, Montgomery County, Maryland",5150
24031704700,"Census Tract 7047, Montgomery County, Maryland",3581
24031704803,"Census Tract 7048.03, Montgomery County, Maryland",3970
24031704804,"Census Tract 7048.04, Montgomery County, Maryland",1815
24031704805,"Census Tract 7048.05, Montgomery County, Maryland",2520
24031704806,"Census Tract 7048.06, Montgomery County, Maryland",4018
24031705000,"Census Tract 7050, Montgomery County, Maryland",4796
24031705100,"Census Tract 7051, Montgomery County, Maryland",5476
24031705200,"Census Tract 7052, Montgomery County, Maryland",3435
24031705300,"Census Tract 7053, Montgomery County, Maryland",1858
24031705400,"Census Tract 7054, Montgomery County, Maryland",2913
24031705501,"Census Tract 7055.01, Montgomery County, Maryland",2482
24031705502,"Census Tract 7055.02, Montgomery County, Maryland",4134
24031705601,"Census Tract 7056.01, Montgomery County, Maryland",3251
24031705602,"Census Tract 7056.02, Montgomery County, Maryland",4192
24031705701,"Census Tract 7057.01, Montgomery County, Maryland",4674
24031705702,"Census Tract 7057.02, Montgomery County, Maryland",4529
24031705800,"Census Tract 7058, Montgomery County, Maryland",6467
24031705901,"Census Tract 7059.01, Montgomery County, Maryland",4481
24031705902,"Census Tract 7059.02, Montgomery County, Maryland",4236
24031705903,"Census Tract 7059.03, Montgomery County, Maryland",4832
24031706005,"Census Tract 7060.05, Montgomery County, Maryland",4311
24031706007,"Census Tract 7060.07, Montgomery County, Maryland",6559
24031706008,"Census Tract 7060.08, Montgomery County, Maryland",5648
24031706009,"Census Tract 7060.09, Montgomery County, Maryland",5515
24031706010,"Census Tract 7060.10, Montgomery County, Maryland",2963
24031706011,"Census Tract 7060.11, Montgomery County, Maryland",5700
24031706012,"Census Tract 7060.12, Montgomery County, Maryland",3761
24031706013,"Census Tract 7060.13, Montgomery County, Maryland",2916
24033800102,"Census Tract 8001.02, Prince George's County, Maryland",2421
24033800103,"Census Tract 8001.03, Prince George's County, Maryland",2515
24033800105,"Census Tract 8001.05, Prince George's County, Maryland",3958
24033800106,"Census Tract 8001.06, Prince George's County, Maryland",3392
24033800108,"Census Tract 8001.08, Prince George's County, Maryland",3561
24033800109,"Census Tract 8001.09, Prince George's County, Maryland",4131
24033800203,"Census Tract 8002.03, Prince George's County, Maryland",4956
24033800206,"Census Tract 8002.06, Prince George's County, Maryland",4041
24033800209,"Census Tract 8002.09, Prince George's County, Maryland",3976
24033800210,"Census Tract 8002.10, Prince George's County, Maryland",3143
24033800211,"Census Tract 8002.11, Prince George's County, Maryland",2976
24033800212,"Census Tract 8002.12, Prince George's County, Maryland",6691
24033800213,"Census Tract 8002.13, Prince George's County, Maryland",4210
24033800216,"Census Tract 8002.16, Prince George's County, Maryland",3741
24033800217,"Census Tract 8002.17, Prince George's County, Maryland",4390
24033800218,"Census Tract 8002.18, Prince George's County, Maryland",7149
24033800401,"Census Tract 8004.01, Prince George's County, Maryland",2493
24033800402,"Census Tract 8004.02, Prince George's County, Maryland",5101
24033800403,"Census Tract 8004.03, Prince George's County, Maryland",3932
24033800408,"Census Tract 8004.08, Prince George's County, Maryland",7170
24033800409,"Census Tract 8004.09, Prince George's County, Maryland",6662
24033800410,"Census Tract 8004.10, Prince George's County, Maryland",6935
24033800411,"Census Tract 8004.11, Prince George's County, Maryland",4448
24033800412,"Census Tract 8004.12, Prince George's County, Maryland",4401
24033800413,"Census Tract 8004.13, Prince George's County, Maryland",4571
24033800504,"Census Tract 8005.04, Prince George's County, Maryland",4531
24033800505,"Census Tract 8005.05, Prince George's County, Maryland",2547
24033800507,"Census Tract 8005.07, Prince George's County, Maryland",3049
24033800511,"Census Tract 8005.11, Prince George's County, Maryland",5422
24033800513,"Census Tract 8005.13, Prince George's County, Maryland",6905
24033800514,"Census Tract 8005.14, Prince George's County, Maryland",7002
24033800515,"Census Tract 8005.15, Prince George's County, Maryland",4611
24033800516,"Census Tract 8005.16, Prince George's County, Maryland",3813
24033800517,"Census Tract 8005.17, Prince George's County, Maryland",5521
24033800518,"Census Tract 8005.18, Prince George's County, Maryland",3918
24033800519,"Census Tract 8005.19, Prince George's County, Maryland",4118
24033800520,"Census Tract 8005.20, Prince George's County, Maryland",2192
24033800521,"Census Tract 8005.21, Prince George's County, Maryland",6711
24033800522,"Census Tract 8005.22, Prince George's County, Maryland",4505
24033800605,"Census Tract 8006.05, Prince George's County, Maryland",4982
24033800606,"Census Tract 8006.06, Prince George's County, Maryland",4887
24033800607,"Census Tract 8006.07, Prince George's County, Maryland",6397
24033800608,"Census Tract 8006.08, Prince George's County, Maryland",7775
24033800609,"Census Tract 8006.09, Prince George's County, Maryland",3773
24033800701,"Census Tract 8007.01, Prince George's County, Maryland",8545
24033800704,"Census Tract 8007.04, Prince George's County, Maryland",5099
24033800705,"Census Tract 8007.05, Prince George's County, Maryland",5052
24033800706,"Census Tract 8007.06, Prince George's County, Maryland",3929
24033800707,"Census Tract 8007.07, Prince George's County, Maryland",3316
24033800800,"Census Tract 8008, Prince George's County, Maryland",3529
24033800900,"Census Tract 8009, Prince George's County, Maryland",1636
24033801003,"Census Tract 8010.03, Prince George's County, Maryland",5291
24033801004,"Census Tract 8010.04, Prince George's County, Maryland",5284
24033801005,"Census Tract 8010.05, Prince George's County, Maryland",3832
24033801006,"Census Tract 8010.06, Prince George's County, Maryland",5250
24033801105,"Census Tract 8011.05, Prince George's County, Maryland",1646
24033801106,"Census Tract 8011.06, Prince George's County, Maryland",1773
24033801207,"Census Tract 8012.07, Prince George's County, Maryland",4630
24033801208,"Census Tract 8012.08, Prince George's County, Maryland",5501
24033801209,"Census Tract 8012.09, Prince George's County, Maryland",4306
24033801210,"Census Tract 8012.10, Prince George's County, Maryland",4112
24033801211,"Census Tract 8012.11, Prince George's County, Maryland",3001
24033801212,"Census Tract 8012.12, Prince George's County, Maryland",3698
24033801213,"Census Tract 8012.13, Prince George's County, Maryland",4315
24033801214,"Census Tract 8012.14, Prince George's County, Maryland",4392
24033801215,"Census Tract 8012.15, Prince George's County, Maryland",2827
24033801216,"Census Tract 8012.16, Prince George's County, Maryland",3826
24033801217,"Census Tract 8012.17, Prince George's County, Maryland",4224
24033801302,"Census Tract 8013.02, Prince George's County, Maryland",3219
24033801305,"Census Tract 8013.05, Prince George's County, Maryland",6019
24033801307,"Census Tract 8013.07, Prince George's County, Maryland",3686
24033801308,"Census Tract 8013.08, Prince George's County, Maryland",3717
24033801309,"Census Tract 8013.09, Prince George's County, Maryland",3978
24033801310,"Census Tract 8013.10, Prince George's County, Maryland",6366
24033801311,"Census Tract 8013.11, Prince George's County, Maryland",6797
24033801312,"Census Tract 8013.12, Prince George's County, Maryland",5138
24033801313,"Census Tract 8013.13, Prince George's County, Maryland",3334
24033801404,"Census Tract 8014.04, Prince George's County, Maryland",5809
24033801405,"Census Tract 8014.05, Prince George's County, Maryland",4650
24033801406,"Census Tract 8014.06, Prince George's County, Maryland",2850
24033801407,"Census Tract 8014.07, Prince George's County, Maryland",7179
24033801408,"Census Tract 8014.08, Prince George's County, Maryland",3321
24033801409,"Census Tract 8014.09, Prince George's County, Maryland",2665
24033801410,"Census Tract 8014.10, Prince George's County, Maryland",3666
24033801411,"Census Tract 8014.11, Prince George's County, Maryland",3327
24033801500,"Census Tract 8015, Prince George's County, Maryland",2710
24033801600,"Census Tract 8016, Prince George's County, Maryland",2297
24033801701,"Census Tract 8017.01, Prince George's County, Maryland",4832
24033801702,"Census Tract 8017.02, Prince George's County, Maryland",4062
24033801704,"Census Tract 8017.04, Prince George's County, Maryland",5459
24033801707,"Census Tract 8017.07, Prince George's County, Maryland",6110
24033801709,"Census Tract 8017.09, Prince George's County, Maryland",5514
24033801801,"Census Tract 8018.01, Prince George's County, Maryland",2010
24033801802,"Census Tract 8018.02, Prince George's County, Maryland",4012
24033801807,"Census Tract 8018.07, Prince George's County, Maryland",5201
24033801808,"Census Tract 8018.08, Prince George's County, Maryland",3771
24033801809,"Census Tract 8018.09, Prince George's County, Maryland",4782
24033801901,"Census Tract 8019.01, Prince George's County, Maryland",5019
24033801904,"Census Tract 8019.04, Prince George's County, Maryland",3047
24033801905,"Census Tract 8019.05, Prince George's County, Maryland",6738
24033801906,"Census Tract 8019.06, Prince George's County, Maryland",1747
24033801907,"Census Tract 8019.07, Prince George's County, Maryland",3285
24033801908,"Census Tract 8019.08, Prince George's County, Maryland",3634
24033802001,"Census Tract 8020.01, Prince George's County, Maryland",4548
24033802002,"Census Tract 8020.02, Prince George's County, Maryland",4155
24033802103,"Census Tract 8021.03, Prince George's County, Maryland",2850
24033802104,"Census Tract 8021.04, Prince George's County, Maryland",2170
24033802106,"Census Tract 8021.06, Prince George's County, Maryland",5771
24033802107,"Census Tract 8021.07, Prince George's County, Maryland",4284
24033802201,"Census Tract 8022.01, Prince George's County, Maryland",3807
24033802203,"Census Tract 8022.03, Prince George's County, Maryland",4691
24033802204,"Census Tract 8022.04, Prince George's County, Maryland",4952
24033802301,"Census Tract 8023.01, Prince George's County, Maryland",3492
24033802404,"Census Tract 8024.04, Prince George's County, Maryland",4784
24033802405,"Census Tract 8024.05, Prince George's County, Maryland",3962
24033802406,"Census Tract 8024.06, Prince George's County, Maryland",2345
24033802407,"Census Tract 8024.07, Prince George's County, Maryland",3341
24033802408,"Census Tract 8024.08, Prince George's County, Maryland",2240
24033802501,"Census Tract 8025.01, Prince George's County, Maryland",2287
24033802502,"Census Tract 8025.02, Prince George's County, Maryland",2421
24033802600,"Census Tract 8026, Prince George's County, Maryland",3550
24033802700,"Census Tract 8027, Prince George's County, Maryland",2538
24033802803,"Census Tract 8028.03, Prince George's County, Maryland",5565
24033802804,"Census Tract 8028.04, Prince George's County, Maryland",4982
24033802805,"Census Tract 8028.05, Prince George's County, Maryland",5314
24033802901,"Census Tract 8029.01, Prince George's County, Maryland",3921
24033803001,"Census Tract 8030.01, Prince George's County, Maryland",3578
24033803002,"Census Tract 8030.02, Prince George's County, Maryland",2346
24033803100,"Census Tract 8031, Prince George's County, Maryland",2662
24033803200,"Census Tract 8032, Prince George's County, Maryland",2830
24033803300,"Census Tract 8033, Prince George's County, Maryland",4352
24033803403,"Census Tract 8034.03, Prince George's County, Maryland",5912
24033803508,"Census Tract 8035.08, Prince George's County, Maryland",3717
24033803509,"Census Tract 8035.09, Prince George's County, Maryland",3236
24033803512,"Census Tract 8035.12, Prince George's County, Maryland",6297
24033803513,"Census Tract 8035.13, Prince George's County, Maryland",5706
24033803514,"Census Tract 8035.14, Prince George's County, Maryland",4981
24033803516,"Census Tract 8035.16, Prince George's County, Maryland",5064
24033803519,"Census Tract 8035.19, Prince George's County, Maryland",6462
24033803520,"Census Tract 8035.20, Prince George's County, Maryland",5002
24033803521,"Census Tract 8035.21, Prince George's County, Maryland",8574
24033803524,"Census Tract 8035.24, Prince George's County, Maryland",5595
24033803525,"Census Tract 8035.25, Prince George's County, Maryland",2451
24033803526,"Census Tract 8035.26, Prince George's County, Maryland",3505
24033803527,"Census Tract 8035.27, Prince George's County, Maryland",3708
24033803528,"Census Tract 8035.28, Prince George's County, Maryland",7100
24033803601,"Census Tract 8036.01, Prince George's County, Maryland",4005
24033803602,"Census Tract 8036.02, Prince George's County, Maryland",2429
24033803605,"Census Tract 8036.05, Prince George's County, Maryland",6864
24033803606,"Census Tract 8036.06, Prince George's County, Maryland",5590
24033803607,"Census Tract 8036.07, Prince George's County, Maryland",4050
24033803608,"Census Tract 8036.08, Prince George's County, Maryland",6537
24033803610,"Census Tract 8036.10, Prince George's County, Maryland",4310
24033803612,"Census Tract 8036.12, Prince George's County, Maryland",3339
24033803613,"Census Tract 8036.13, Prince George's County, Maryland",7059
24033803700,"Census Tract 8037, Prince George's County, Maryland",2990
24033803801,"Census Tract 8038.01, Prince George's County, Maryland",2509
24033803803,"Census Tract 8038.03, Prince George's County, Maryland",6579
24033803900,"Census Tract 8039, Prince George's County, Maryland",3588
24033804001,"Census Tract 8040.01, Prince George's County, Maryland",5757
24033804002,"Census Tract 8040.02, Prince George's County, Maryland",4769
24033804101,"Census Tract 8041.01, Prince George's County, Maryland",2760
24033804102,"Census Tract 8041.02, Prince George's County, Maryland",6751
24033804200,"Census Tract 8042, Prince George's County, Maryland",3160
24033804300,"Census Tract 8043, Prince George's County, Maryland",3583
24033804400,"Census Tract 8044, Prince George's County, Maryland",2633
24033804600,"Census Tract 8046, Prince George's County, Maryland",3483
24033804700,"Census Tract 8047, Prince George's County, Maryland",3672
24033804801,"Census Tract 8048.01, Prince George's County, Maryland",2679
24033804802,"Census Tract 8048.02, Prince George's County, Maryland",2965
24033804900,"Census Tract 8049, Prince George's County, Maryland",4231
24033805000,"Census Tract 8050, Prince George's County, Maryland",5989
24033805101,"Census Tract 8051.01, Prince George's County, Maryland",4093
24033805201,"Census Tract 8052.01, Prince George's County, Maryland",5451
24033805202,"Census Tract 8052.02, Prince George's County, Maryland",4039
24033805500,"Census Tract 8055, Prince George's County, Maryland",3704
24033805601,"Census Tract 8056.01, Prince George's County, Maryland",6930
24033805602,"Census Tract 8056.02, Prince George's County, Maryland",6184
24033805700,"Census Tract 8057, Prince George's County, Maryland",6314
24033805801,"Census Tract 8058.01, Prince George's County, Maryland",3988
24033805802,"Census Tract 8058.02, Prince George's County, Maryland",4751
24033805904,"Census Tract 8059.04, Prince George's County, Maryland",3753
24033805906,"Census Tract 8059.06, Prince George's County, Maryland",3875
24033805907,"Census Tract 8059.07, Prince George's County, Maryland",3690
24033805908,"Census Tract 8059.08, Prince George's County, Maryland",2390
24033805909,"Census Tract 8059.09, Prince George's County, Maryland",4895
24033806000,"Census Tract 8060, Prince George's County, Maryland",6166
24033806100,"Census Tract 8061, Prince George's County, Maryland",4304
24033806400,"Census Tract 8064, Prince George's County, Maryland",3970
24033806501,"Census Tract 8065.01, Prince George's County, Maryland",5586
24033806601,"Census Tract 8066.01, Prince George's County, Maryland",5091
24033806602,"Census Tract 8066.02, Prince George's County, Maryland",5010
24033806706,"Census Tract 8067.06, Prince George's County, Maryland",4032
24033806708,"Census Tract 8067.08, Prince George's County, Maryland",3853
24033806710,"Census Tract 8067.10, Prince George's County, Maryland",4818
24033806711,"Census Tract 8067.11, Prince George's County, Maryland",5726
24033806712,"Census Tract 8067.12, Prince George's County, Maryland",3617
24033806713,"Census Tract 8067.13, Prince George's County, Maryland",3810
24033806714,"Census Tract 8067.14, Prince George's County, Maryland",5897
24033806800,"Census Tract 8068, Prince George's County, Maryland",4096
24033806900,"Census Tract 8069, Prince George's County, Maryland",5286
24033807000,"Census Tract 8070, Prince George's County, Maryland",7795
24033807102,"Census Tract 8071.02, Prince George's County, Maryland",2859
24033807301,"Census Tract 8073.01, Prince George's County, Maryland",3780
24033807304,"Census Tract 8073.04, Prince George's County, Maryland",1914
24033807305,"Census Tract 8073.05, Prince George's County, Maryland",3862
24033807404,"Census Tract 8074.04, Prince George's County, Maryland",5712
24033807405,"Census Tract 8074.05, Prince George's County, Maryland",6460
24033807407,"Census Tract 8074.07, Prince George's County, Maryland",6959
24033807408,"Census Tract 8074.08, Prince George's County, Maryland",5883
24033807409,"Census Tract 8074.09, Prince George's County, Maryland",4290
24033807410,"Census Tract 8074.10, Prince George's County, Maryland",5078
24033807500,"Census Tract 8075, Prince George's County, Maryland",7468
24033980000,"Census Tract 9800, Prince George's County, Maryland",14471
24035810100,"Census Tract 8101, Queen Anne's County, Maryland",2795
24035810200,"Census Tract 8102, Queen Anne's County, Maryland",2634
24035810300,"Census Tract 8103, Queen Anne's County, Maryland",5022
24035810400,"Census Tract 8104, Queen Anne's County, Maryland",6191
24035810500,"Census Tract 8105, Queen Anne's County, Maryland",4768
24035810600,"Census Tract 8106, Queen Anne's County, Maryland",4892
24035810700,"Census Tract 8107, Queen Anne's County, Maryland",3897
24035810800,"Census Tract 8108, Queen Anne's County, Maryland",5770
24035810901,"Census Tract 8109.01, Queen Anne's County, Maryland",6175
24035810902,"Census Tract 8109.02, Queen Anne's County, Maryland",2789
24035811000,"Census Tract 8110, Queen Anne's County, Maryland",4769
24035990000,"Census Tract 9900, Queen Anne's County, Maryland",0
24035990100,"Census Tract 9901, Queen Anne's County, Maryland",0
24035990200,"Census Tract 9902, Queen Anne's County, Maryland",0
24037875000,"Census Tract 8750, St. Mary's County, Maryland",6079
24037875100,"Census Tract 8751, St. Mary's County, Maryland",5743
24037875201,"Census Tract 8752.01, St. Mary's County, Maryland",5677
24037875202,"Census Tract 8752.02, St. Mary's County, Maryland",6051
24037875300,"Census Tract 8753, St. Mary's County, Maryland",3119
24037875400,"Census Tract 8754, St. Mary's County, Maryland",6909
24037875501,"Census Tract 8755.01, St. Mary's County, Maryland",7168
24037875502,"Census Tract 8755.02, St. Mary's County, Maryland",4167
24037875601,"Census Tract 8756.01, St. Mary's County, Maryland",1808
24037875602,"Census Tract 8756.02, St. Mary's County, Maryland",6400
24037875700,"Census Tract 8757, St. Mary's County, Maryland",7025
24037875803,"Census Tract 8758.03, St. Mary's County, Maryland",5705
24037875903,"Census Tract 8759.03, St. Mary's County, Maryland",3309
24037875904,"Census Tract 8759.04, St. Mary's County, Maryland",6163
24037875905,"Census Tract 8759.05, St. Mary's County, Maryland",2076
24037875906,"Census Tract 8759.06, St. Mary's County, Maryland",5042
24037876001,"Census Tract 8760.01, St. Mary's County, Maryland",4875
24037876003,"Census Tract 8760.03, St. Mary's County, Maryland",3261
24037876004,"Census Tract 8760.04, St. Mary's County, Maryland",7461
24037876101,"Census Tract 8761.01, St. Mary's County, Maryland",4412
24037876102,"Census Tract 8761.02, St. Mary's County, Maryland",3062
24037876200,"Census Tract 8762, St. Mary's County, Maryland",7697
24037990000,"Census Tract 9900, St. Mary's County, Maryland",0
24039930101,"Census Tract 9301.01, Somerset County, Maryland",7000
24039930102,"Census Tract 9301.02, Somerset County, Maryland",3809
24039930200,"Census Tract 9302, Somerset County, Maryland",1443
24039930500,"Census Tract 9305, Somerset County, Maryland",3770
24039930600,"Census Tract 9306, Somerset County, Maryland",2636
24039930800,"Census Tract 9308, Somerset County, Maryland",6176
24039990100,"Census Tract 9901, Somerset County, Maryland",0
24041960100,"Census Tract 9601, Talbot County, Maryland",4036
24041960201,"Census Tract 9602.01, Talbot County, Maryland",4057
24041960300,"Census Tract 9603, Talbot County, Maryland",3748
24041960400,"Census Tract 9604, Talbot County, Maryland",5874
24041960501,"Census Tract 9605.01, Talbot County, Maryland",4328
24041960502,"Census Tract 9605.02, Talbot County, Maryland",3804
24041960600,"Census Tract 9606, Talbot County, Maryland",1758
24041960700,"Census Tract 9607, Talbot County, Maryland",4016
24041960800,"Census Tract 9608, Talbot County, Maryland",1978
24041960900,"Census Tract 9609, Talbot County, Maryland",3911
24041990000,"Census Tract 9900, Talbot County, Maryland",0
24043000100,"Census Tract 1, Washington County, Maryland",3930
24043000200,"Census Tract 2, Washington County, Maryland",4285
24043000301,"Census Tract 3.01, Washington County, Maryland",3271
24043000302,"Census Tract 3.02, Washington County, Maryland",2862
24043000400,"Census Tract 4, Washington County, Maryland",1918
24043000500,"Census Tract 5, Washington County, Maryland",5980
24043000601,"Census Tract 6.01, Washington County, Maryland",2355
24043000602,"Census Tract 6.02, Washington County, Maryland",3229
24043000700,"Census Tract 7, Washington County, Maryland",3387
24043000800,"Census Tract 8, Washington County, Maryland",3697
24043000900,"Census Tract 9, Washington County, Maryland",3866
24043001001,"Census Tract 10.01, Washington County, Maryland",4935
24043001002,"Census Tract 10.02, Washington County, Maryland",3527
24043010100,"Census Tract 101, Washington County, Maryland",979
24043010200,"Census Tract 102, Washington County, Maryland",4560
24043010300,"Census Tract 103, Washington County, Maryland",7678
24043010401,"Census Tract 104.01, Washington County, Maryland",3791
24043010402,"Census Tract 104.02, Washington County, Maryland",5984
24043010600,"Census Tract 106, Washington County, Maryland",5299
24043010700,"Census Tract 107, Washington County, Maryland",3573
24043010802,"Census Tract 108.02, Washington County, Maryland",2467
24043010803,"Census Tract 108.03, Washington County, Maryland",4079
24043010901,"Census Tract 109.01, Washington County, Maryland",6223
24043010902,"Census Tract 109.02, Washington County, Maryland",3050
24043011000,"Census Tract 110, Washington County, Maryland",6700
24043011100,"Census Tract 111, Washington County, Maryland",6148
24043011202,"Census Tract 112.02, Washington County, Maryland",4773
24043011203,"Census Tract 112.03, Washington County, Maryland",4958
24043011204,"Census Tract 112.04, Washington County, Maryland",4600
24043011301,"Census Tract 113.01, Washington County, Maryland",5330
24043011302,"Census Tract 113.02, Washington County, Maryland",3802
24043011400,"Census Tract 114, Washington County, Maryland",6500
24043011501,"Census Tract 115.01, Washington County, Maryland",4322
24043011502,"Census Tract 115.02, Washington County, Maryland",3370
24043011600,"Census Tract 116, Washington County, Maryland",2920
24043011700,"Census Tract 117, Washington County, Maryland",5608
24045000100,"Census Tract 1, Wicomico County, Maryland",5635
24045000200,"Census Tract 2, Wicomico County, Maryland",1732
24045000300,"Census Tract 3, Wicomico County, Maryland",1482
24045000400,"Census Tract 4, Wicomico County, Maryland",3670
24045000500,"Census Tract 5, Wicomico County, Maryland",2978
24045010101,"Census Tract 101.01, Wicomico County, Maryland",5949
24045010102,"Census Tract 101.02, Wicomico County, Maryland",3011
24045010200,"Census Tract 102, Wicomico County, Maryland",6467
24045010300,"Census Tract 103, Wicomico County, Maryland",8730
24045010400,"Census Tract 104, Wicomico County, Maryland",7193
24045010501,"Census Tract 105.01, Wicomico County, Maryland",5815
24045010503,"Census Tract 105.03, Wicomico County, Maryland",4809
24045010504,"Census Tract 105.04, Wicomico County, Maryland",4579
24045010603,"Census Tract 106.03, Wicomico County, Maryland",8045
24045010604,"Census Tract 106.04, Wicomico County, Maryland",5628
24045010605,"Census Tract 106.05, Wicomico County, Maryland",4048
24045010606,"Census Tract 106.06, Wicomico County, Maryland",4077
24045010701,"Census Tract 107.01, Wicomico County, Maryland",4413
24045010703,"Census Tract 107.03, Wicomico County, Maryland",4490
24045010704,"Census Tract 107.04, Wicomico County, Maryland",4489
24045010800,"Census Tract 108, Wicomico County, Maryland",5983
24047950000,"Census Tract 9500, Worcester County, Maryland",1660
24047950100,"Census Tract 9501, Worcester County, Maryland",2235
24047950300,"Census Tract 9503, Worcester County, Maryland",3089
24047950400,"Census Tract 9504, Worcester County, Maryland",3197
24047950600,"Census Tract 9506, Worcester County, Maryland",2984
24047950700,"Census Tract 9507, Worcester County, Maryland",2501
24047950800,"Census Tract 9508, Worcester County, Maryland",4981
24047950900,"Census Tract 9509, Worcester County, Maryland",2096
24047951000,"Census Tract 9510, Worcester County, Maryland",4902
24047951101,"Census Tract 9511.01, Worcester County, Maryland",3585
24047951102,"Census Tract 9511.02, Worcester County, Maryland",3347
24047951200,"Census Tract 9512, Worcester County, Maryland",3125
24047951300,"Census Tract 9513, Worcester County, Maryland",2970
24047951400,"Census Tract 9514, Worcester County, Maryland",3229
24047951500,"Census Tract 9515, Worcester County, Maryland",4760
24047951700,"Census Tract 9517, Worcester County, Maryland",3661
24047980000,"Census Tract 9800, Worcester County, Maryland",0
24047990000,"Census Tract 9900, Worcester County, Maryland",0
24510010100,"Census Tract 101, Baltimore city, Maryland",2721
24510010200,"Census Tract 102, Baltimore city, Maryland",2861
24510010300,"Census Tract 103, Baltimore city, Maryland",2190
24510010400,"Census Tract 104, Baltimore city, Maryland",2970
24510010500,"Census Tract 105, Baltimore city, Maryland",1961
24510020100,"Census Tract 201, Baltimore city, Maryland",1767
24510020200,"Census Tract 202, Baltimore city, Maryland",1590
24510020300,"Census Tract 203, Baltimore city, Maryland",3930
24510030100,"Census Tract 301, Baltimore city, Maryland",1812
24510030200,"Census Tract 302, Baltimore city, Maryland",2631
24510040100,"Census Tract 401, Baltimore city, Maryland",5359
24510040200,"Census Tract 402, Baltimore city, Maryland",1222
24510060100,"Census Tract 601, Baltimore city, Maryland",2710
24510060200,"Census Tract 602, Baltimore city, Maryland",2723
24510060300,"Census Tract 603, Baltimore city, Maryland",1623
24510060400,"Census Tract 604, Baltimore city, Maryland",1863
24510070100,"Census Tract 701, Baltimore city, Maryland",2738
24510070200,"Census Tract 702, Baltimore city, Maryland",3478
24510070300,"Census Tract 703, Baltimore city, Maryland",1115
24510070400,"Census Tract 704, Baltimore city, Maryland",1777
24510080101,"Census Tract 801.01, Baltimore city, Maryland",3763
24510080102,"Census Tract 801.02, Baltimore city, Maryland",1970
24510080200,"Census Tract 802, Baltimore city, Maryland",698
24510080301,"Census Tract 803.01, Baltimore city, Maryland",2123
24510080302,"Census Tract 803.02, Baltimore city, Maryland",2362
24510080400,"Census Tract 804, Baltimore city, Maryland",1024
24510080500,"Census Tract 805, Baltimore city, Maryland",1319
24510080600,"Census Tract 806, Baltimore city, Maryland",1475
24510080700,"Census Tract 807, Baltimore city, Maryland",940
24510080800,"Census Tract 808, Baltimore city, Maryland",2319
24510090100,"Census Tract 901, Baltimore city, Maryland",3599
24510090200,"Census Tract 902, Baltimore city, Maryland",3182
24510090300,"Census Tract 903, Baltimore city, Maryland",4867
24510090400,"Census Tract 904, Baltimore city, Maryland",1306
24510090500,"Census Tract 905, Baltimore city, Maryland",1594
24510090600,"Census Tract 906, Baltimore city, Maryland",2769
24510090700,"Census Tract 907, Baltimore city, Maryland",2910
24510090800,"Census Tract 908, Baltimore city, Maryland",2251
24510090900,"Census Tract 909, Baltimore city, Maryland",1978
24510100100,"Census Tract 1001, Baltimore city, Maryland",1610
24510100200,"Census Tract 1002, Baltimore city, Maryland",3020
24510100300,"Census Tract 1003, Baltimore city, Maryland",2494
24510110100,"Census Tract 1101, Baltimore city, Maryland",2876
24510110200,"Census Tract 1102, Baltimore city, Maryland",6126
24510120100,"Census Tract 1201, Baltimore city, Maryland",4588
24510120201,"Census Tract 1202.01, Baltimore city, Maryland",1998
24510120202,"Census Tract 1202.02, Baltimore city, Maryland",5065
24510120300,"Census Tract 1203, Baltimore city, Maryland",3829
24510120400,"Census Tract 1204, Baltimore city, Maryland",1508
24510120500,"Census Tract 1205, Baltimore city, Maryland",2417
24510120600,"Census Tract 1206, Baltimore city, Maryland",2693
24510120700,"Census Tract 1207, Baltimore city, Maryland",2259
24510130100,"Census Tract 1301, Baltimore city, Maryland",3134
24510130200,"Census Tract 1302, Baltimore city, Maryland",2485
24510130300,"Census Tract 1303, Baltimore city, Maryland",1950
24510130400,"Census Tract 1304, Baltimore city, Maryland",1824
24510130600,"Census Tract 1306, Baltimore city, Maryland",3772
24510130700,"Census Tract 1307, Baltimore city, Maryland",4729
24510130803,"Census Tract 1308.03, Baltimore city, Maryland",2282
24510130804,"Census Tract 1308.04, Baltimore city, Maryland",1616
24510130805,"Census Tract 1308.05, Baltimore city, Maryland",1123
24510130806,"Census Tract 1308.06, Baltimore city, Maryland",1544
24510140100,"Census Tract 1401, Baltimore city, Maryland",3931
24510140200,"Census Tract 1402, Baltimore city, Maryland",2856
24510140300,"Census Tract 1403, Baltimore city, Maryland",1670
24510150100,"Census Tract 1501, Baltimore city, Maryland",1991
24510150200,"Census Tract 1502, Baltimore city, Maryland",2452
24510150300,"Census Tract 1503, Baltimore city, Maryland",1354
24510150400,"Census Tract 1504, Baltimore city, Maryland",3647
24510150500,"Census Tract 1505, Baltimore city, Maryland",1305
24510150600,"Census Tract 1506, Baltimore city, Maryland",2890
24510150701,"Census Tract 1507.01, Baltimore city, Maryland",1877
24510150702,"Census Tract 1507.02, Baltimore city, Maryland",1834
24510150800,"Census Tract 1508, Baltimore city, Maryland",4577
24510150900,"Census Tract 1509, Baltimore city, Maryland",2873
24510151000,"Census Tract 1510, Baltimore city, Maryland",5705
24510151100,"Census Tract 1511, Baltimore city, Maryland",7027
24510151200,"Census Tract 1512, Baltimore city, Maryland",3907
24510151300,"Census Tract 1513, Baltimore city, Maryland",4449
24510160100,"Census Tract 1601, Baltimore city, Maryland",1722
24510160200,"Census Tract 1602, Baltimore city, Maryland",2225
24510160300,"Census Tract 1603, Baltimore city, Maryland",1578
24510160400,"Census Tract 1604, Baltimore city, Maryland",1729
24510160500,"Census Tract 1605, Baltimore city, Maryland",3083
24510160600,"Census Tract 1606, Baltimore city, Maryland",2477
24510160700,"Census Tract 1607, Baltimore city, Maryland",3571
24510160801,"Census Tract 1608.01, Baltimore city, Maryland",3156
24510160802,"Census Tract 1608.02, Baltimore city, Maryland",3319
24510170100,"Census Tract 1701, Baltimore city, Maryland",1755
24510170200,"Census Tract 1702, Baltimore city, Maryland",2446
24510170300,"Census Tract 1703, Baltimore city, Maryland",2002
24510180300,"Census Tract 1803, Baltimore city, Maryland",1726
24510190100,"Census Tract 1901, Baltimore city, Maryland",1922
24510190200,"Census Tract 1902, Baltimore city, Maryland",1863
24510190300,"Census Tract 1903, Baltimore city, Maryland",2274
24510200100,"Census Tract 2001, Baltimore city, Maryland",1523
24510200200,"Census Tract 2002, Baltimore city, Maryland",1536
24510200300,"Census Tract 2003, Baltimore city, Maryland",1038
24510200400,"Census Tract 2004, Baltimore city, Maryland",1176
24510200500,"Census Tract 2005, Baltimore city, Maryland",2215
24510200600,"Census Tract 2006, Baltimore city, Maryland",2233
24510200701,"Census Tract 2007.01, Baltimore city, Maryland",4269
24510200702,"Census Tract 2007.02, Baltimore city, Maryland",1327
24510200800,"Census Tract 2008, Baltimore city, Maryland",2122
24510210100,"Census Tract 2101, Baltimore city, Maryland",2160
24510210200,"Census Tract 2102, Baltimore city, Maryland",3681
24510220100,"Census Tract 2201, Baltimore city, Maryland",4238
24510230100,"Census Tract 2301, Baltimore city, Maryland",2231
24510230200,"Census Tract 2302, Baltimore city, Maryland",1453
24510230300,"Census Tract 2303, Baltimore city, Maryland",1342
24510240100,"Census Tract 2401, Baltimore city, Maryland",3490
24510240200,"Census Tract 2402, Baltimore city, Maryland",2564
24510240300,"Census Tract 2403, Baltimore city, Maryland",1995
24510240400,"Census Tract 2404, Baltimore city, Maryland",2856
24510250101,"Census Tract 2501.01, Baltimore city, Maryland",4052
24510250102,"Census Tract 2501.02, Baltimore city, Maryland",3050
24510250103,"Census Tract 2501.03, Baltimore city, Maryland",3420
24510250203,"Census Tract 2502.03, Baltimore city, Maryland",1793
24510250204,"Census Tract 2502.04, Baltimore city, Maryland",4508
24510250205,"Census Tract 2502.05, Baltimore city, Maryland",4134
24510250206,"Census Tract 2502.06, Baltimore city, Maryland",2253
24510250207,"Census Tract 2502.07, Baltimore city, Maryland",2095
24510250301,"Census Tract 2503.01, Baltimore city, Maryland",2280
24510250303,"Census Tract 2503.03, Baltimore city, Maryland",2300
24510250401,"Census Tract 2504.01, Baltimore city, Maryland",4256
24510250402,"Census Tract 2504.02, Baltimore city, Maryland",3706
24510250500,"Census Tract 2505, Baltimore city, Maryland",4522
24510250600,"Census Tract 2506, Baltimore city, Maryland",0
24510260101,"Census Tract 2601.01, Baltimore city, Maryland",4870
24510260102,"Census Tract 2601.02, Baltimore city, Maryland",4512
24510260201,"Census Tract 2602.01, Baltimore city, Maryland",5692
24510260202,"Census Tract 2602.02, Baltimore city, Maryland",6769
24510260203,"Census Tract 2602.03, Baltimore city, Maryland",2945
24510260301,"Census Tract 2603.01, Baltimore city, Maryland",4385
24510260302,"Census Tract 2603.02, Baltimore city, Maryland",6375
24510260303,"Census Tract 2603.03, Baltimore city, Maryland",1227
24510260401,"Census Tract 2604.01, Baltimore city, Maryland",2822
24510260402,"Census Tract 2604.02, Baltimore city, Maryland",3316
24510260403,"Census Tract 2604.03, Baltimore city, Maryland",1309
24510260404,"Census Tract 2604.04, Baltimore city, Maryland",1658
24510260501,"Census Tract 2605.01, Baltimore city, Maryland",4402
24510260604,"Census Tract 2606.04, Baltimore city, Maryland",1136
24510260605,"Census Tract 2606.05, Baltimore city, Maryland",5842
24510260700,"Census Tract 2607, Baltimore city, Maryland",2791
24510260800,"Census Tract 2608, Baltimore city, Maryland",2094
24510260900,"Census Tract 2609, Baltimore city, Maryland",3624
24510261000,"Census Tract 2610, Baltimore city, Maryland",2125
24510261100,"Census Tract 2611, Baltimore city, Maryland",1943
24510270101,"Census Tract 2701.01, Baltimore city, Maryland",1458
24510270102,"Census Tract 2701.02, Baltimore city, Maryland",3752
24510270200,"Census Tract 2702, Baltimore city, Maryland",1836
24510270301,"Census Tract 2703.01, Baltimore city, Maryland",3489
24510270302,"Census Tract 2703.02, Baltimore city, Maryland",1812
24510270401,"Census Tract 2704.01, Baltimore city, Maryland",4901
24510270402,"Census Tract 2704.02, Baltimore city, Maryland",4317
24510270501,"Census Tract 2705.01, Baltimore city, Maryland",4205
24510270502,"Census Tract 2705.02, Baltimore city, Maryland",3741
24510270600,"Census Tract 2706, Baltimore city, Maryland",4558
24510270701,"Census Tract 2707.01, Baltimore city, Maryland",1979
24510270702,"Census Tract 2707.02, Baltimore city, Maryland",2167
24510270703,"Census Tract 2707.03, Baltimore city, Maryland",3279
24510270801,"Census Tract 2708.01, Baltimore city, Maryland",3733
24510270802,"Census Tract 2708.02, Baltimore city, Maryland",6040
24510270803,"Census Tract 2708.03, Baltimore city, Maryland",5839
24510270804,"Census Tract 2708.04, Baltimore city, Maryland",2820
24510270805,"Census Tract 2708.05, Baltimore city, Maryland",5730
24510270901,"Census Tract 2709.01, Baltimore city, Maryland",4395
24510270902,"Census Tract 2709.02, Baltimore city, Maryland",4877
24510270903,"Census Tract 2709.03, Baltimore city, Maryland",5120
24510271001,"Census Tract 2710.01, Baltimore city, Maryland",2458
24510271002,"Census Tract 2710.02, Baltimore city, Maryland",4064
24510271101,"Census Tract 2711.01, Baltimore city, Maryland",1991
24510271102,"Census Tract 2711.02, Baltimore city, Maryland",5469
24510271200,"Census Tract 2712, Baltimore city, Maryland",6461
24510271300,"Census Tract 2713, Baltimore city, Maryland",2995
24510271400,"Census Tract 2714, Baltimore city, Maryland",4201
24510271501,"Census Tract 2715.01, Baltimore city, Maryland",4282
24510271503,"Census Tract 2715.03, Baltimore city, Maryland",876
24510271600,"Census Tract 2716, Baltimore city, Maryland",3989
24510271700,"Census Tract 2717, Baltimore city, Maryland",4431
24510271801,"Census Tract 2718.01, Baltimore city, Maryland",2102
24510271802,"Census Tract 2718.02, Baltimore city, Maryland",1786
24510271900,"Census Tract 2719, Baltimore city, Maryland",3296
24510272003,"Census Tract 2720.03, Baltimore city, Maryland",6077
24510272004,"Census Tract 2720.04, Baltimore city, Maryland",4051
24510272005,"Census Tract 2720.05, Baltimore city, Maryland",3181
24510272006,"Census Tract 2720.06, Baltimore city, Maryland",3326
24510272007,"Census Tract 2720.07, Baltimore city, Maryland",3687
24510280101,"Census Tract 2801.01, Baltimore city, Maryland",3070
24510280102,"Census Tract 2801.02, Baltimore city, Maryland",6736
24510280200,"Census Tract 2802, Baltimore city, Maryland",5650
24510280301,"Census Tract 2803.01, Baltimore city, Maryland",4139
24510280302,"Census Tract 2803.02, Baltimore city, Maryland",3640
24510280401,"Census Tract 2804.01, Baltimore city, Maryland",3058
24510280402,"Census Tract 2804.02, Baltimore city, Maryland",1370
24510280403,"Census Tract 2804.03, Baltimore city, Maryland",3784
24510280404,"Census Tract 2804.04, Baltimore city, Maryland",2699
24510280500,"Census Tract 2805, Baltimore city, Maryland",2960
24510280600,"Census Tract 2806, Baltimore city, Maryland",3054
